Linux 6.6.122+ (ed2706116dc2) 	05/24/2026 	_x86_64_	(2 CPU)

avg-cpu:  %user   %nice %system %iowait  %steal   %idle
           9.77    0.00    9.68   19.55    0.00   61.00

Device            r/s     rkB/s   rrqm/s  %rrqm r_await rareq-sz     w/s     wkB/s   wrqm/s  %wrqm w_await wareq-sz     d/s     dkB/s   drqm/s  %drqm d_await dareq-sz     f/s f_await  aqu-sz  %util
dm-0             3.84    159.05     0.00   0.00    1.47    41.37    0.00      0.00     0.00   0.00    0.00     0.00    0.00      0.00     0.00   0.00    0.00     0.00    0.00    0.00    0.01   0.26
loop0          373.23  45805.25     7.75   2.03    2.18   122.73   31.62   3845.33    19.37  37.99   10.63   121.62    0.00      0.00     0.00   0.00    0.00     0.00    0.22   29.88    1.16  26.83
sda            424.79  46935.39     5.62   1.30    0.94   110.49   67.54   4283.40    52.64  43.80   11.41    63.42    0.00      0.00     0.00   0.00    0.00     0.00   31.43    0.06    1.17  16.96


avg-cpu:  %user   %nice %system %iowait  %steal   %idle
          17.35    0.00   13.27   58.16    0.00   11.22

Device            r/s     rkB/s   rrqm/s  %rrqm r_await rareq-sz     w/s     wkB/s   wrqm/s  %wrqm w_await wareq-sz     d/s     dkB/s   drqm/s  %drqm d_await dareq-sz     f/s f_await  aqu-sz  %util
dm-0             0.00      0.00     0.00   0.00    0.00     0.00    0.00      0.00     0.00   0.00    0.00     0.00    0.00      0.00     0.00   0.00    0.00     0.00    0.00    0.00    0.00   0.00
loop0         1291.00  90276.00     0.00   0.00    0.67    69.93   28.00    544.00   108.00  79.41    0.75    19.43    0.00      0.00     0.00   0.00    0.00     0.00    0.00    0.00    0.89  72.60
sda           2178.00 111964.00     0.00   0.00    0.48    51.41   54.00    516.00    57.00  51.35    0.35     9.56    0.00      0.00     0.00   0.00    0.00     0.00   36.00    0.03    1.07  65.90


avg-cpu:  %user   %nice %system %iowait  %steal   %idle
           8.16    0.00   12.24   71.43    0.00    8.16

Device            r/s     rkB/s   rrqm/s  %rrqm r_await rareq-sz     w/s     wkB/s   wrqm/s  %wrqm w_await wareq-sz     d/s     dkB/s   drqm/s  %drqm d_await dareq-sz     f/s f_await  aqu-sz  %util
dm-0             0.00      0.00     0.00   0.00    0.00     0.00    0.00      0.00     0.00   0.00    0.00     0.00    0.00      0.00     0.00   0.00    0.00     0.00    0.00    0.00    0.00   0.00
loop0         1209.00 118940.00     0.00   0.00    0.78    98.38    0.00      0.00     0.00   0.00    0.00     0.00    0.00      0.00     0.00   0.00    0.00     0.00    0.00    0.00    0.94  84.10
sda           2583.00 147096.00     0.00   0.00    0.48    56.95   45.00    420.00    45.00  50.00    0.38     9.33    0.00      0.00     0.00   0.00    0.00     0.00   30.00    0.07    1.26  72.20


avg-cpu:  %user   %nice %system %iowait  %steal   %idle
          20.51    0.00    9.74   47.69    0.00   22.05

Device            r/s     rkB/s   rrqm/s  %rrqm r_await rareq-sz     w/s     wkB/s   wrqm/s  %wrqm w_await wareq-sz     d/s     dkB/s   drqm/s  %drqm d_await dareq-sz     f/s f_await  aqu-sz  %util
dm-0             0.00      0.00     0.00   0.00    0.00     0.00    0.00      0.00     0.00   0.00    0.00     0.00    0.00      0.00     0.00   0.00    0.00     0.00    0.00    0.00    0.00   0.00
loop0          819.00  47028.00     0.00   0.00    0.84    57.42    1.00      0.00     0.00   0.00    2.00     0.00    0.00      0.00     0.00   0.00    0.00     0.00    1.00    3.00    0.69  56.20
sda           1620.00  79384.00     0.00   0.00    0.48    49.00   76.00   1012.00    56.00  42.42    0.71    13.32    0.00      0.00     0.00   0.00    0.00     0.00   32.00    0.06    0.83  54.70


avg-cpu:  %user   %nice %system %iowait  %steal   %idle
          30.10    0.00   12.76   18.88    0.00   38.27

Device            r/s     rkB/s   rrqm/s  %rrqm r_await rareq-sz     w/s     wkB/s   wrqm/s  %wrqm w_await wareq-sz     d/s     dkB/s   drqm/s  %drqm d_await dareq-sz     f/s f_await  aqu-sz  %util
dm-0             0.00      0.00     0.00   0.00    0.00     0.00    0.00      0.00     0.00   0.00    0.00     0.00    0.00      0.00     0.00   0.00    0.00     0.00    0.00    0.00    0.00   0.00
loop0          705.00  12940.00     0.00   0.00    0.33    18.35    0.00      0.00     0.00   0.00    0.00     0.00    0.00      0.00     0.00   0.00    0.00     0.00    0.00    0.00    0.23  23.30
sda            657.00  22012.00     0.00   0.00    0.45    33.50   45.00    420.00    45.00  50.00    0.36     9.33    0.00      0.00     0.00   0.00    0.00     0.00   30.00    0.03    0.32  25.30


avg-cpu:  %user   %nice %system %iowait  %steal   %idle
          32.82    0.00    7.18   25.64    0.00   34.36

Device            r/s     rkB/s   rrqm/s  %rrqm r_await rareq-sz     w/s     wkB/s   wrqm/s  %wrqm w_await wareq-sz     d/s     dkB/s   drqm/s  %drqm d_await dareq-sz     f/s f_await  aqu-sz  %util
dm-0             0.00      0.00     0.00   0.00    0.00     0.00    0.00      0.00     0.00   0.00    0.00     0.00    0.00      0.00     0.00   0.00    0.00     0.00    0.00    0.00    0.00   0.00
loop0          638.00   9124.00     0.00   0.00    0.47    14.30    0.00      0.00     0.00   0.00    0.00     0.00    0.00      0.00     0.00   0.00    0.00     0.00    0.00    0.00    0.30  29.10
sda            789.00  15844.00     0.00   0.00    0.41    20.08   45.00    420.00    45.00  50.00    0.33     9.33    0.00      0.00     0.00   0.00    0.00     0.00   30.00    0.07    0.34  29.80


avg-cpu:  %user   %nice %system %iowait  %steal   %idle
          28.57    0.00    8.67   31.63    0.00   31.12

Device            r/s     rkB/s   rrqm/s  %rrqm r_await rareq-sz     w/s     wkB/s   wrqm/s  %wrqm w_await wareq-sz     d/s     dkB/s   drqm/s  %drqm d_await dareq-sz     f/s f_await  aqu-sz  %util
dm-0             0.00      0.00     0.00   0.00    0.00     0.00    0.00      0.00     0.00   0.00    0.00     0.00    0.00      0.00     0.00   0.00    0.00     0.00    0.00    0.00    0.00   0.00
loop0          564.00   6420.00     0.00   0.00    0.63    11.38    2.00     76.00    17.00  89.47    1.50    38.00    0.00      0.00     0.00   0.00    0.00     0.00    2.00    1.50    0.36  35.50
sda           1030.00  13728.00     0.00   0.00    0.39    13.33   51.00    552.00    55.00  51.89    0.41    10.82    0.00      0.00     0.00   0.00    0.00     0.00   34.00    0.12    0.42  37.20


avg-cpu:  %user   %nice %system %iowait  %steal   %idle
          49.49    0.00   21.43   16.33    0.00   12.76

Device            r/s     rkB/s   rrqm/s  %rrqm r_await rareq-sz     w/s     wkB/s   wrqm/s  %wrqm w_await wareq-sz     d/s     dkB/s   drqm/s  %drqm d_await dareq-sz     f/s f_await  aqu-sz  %util
dm-0             0.00      0.00     0.00   0.00    0.00     0.00    0.00      0.00     0.00   0.00    0.00     0.00    0.00      0.00     0.00   0.00    0.00     0.00    0.00    0.00    0.00   0.00
loop0          485.15   4467.33     0.00   0.00    0.58     9.21    0.00      0.00     0.00   0.00    0.00     0.00    0.00      0.00     0.00   0.00    0.00     0.00    0.00    0.00    0.28  29.60
sda            799.01   9116.83     0.00   0.00    0.38    11.41   44.55    419.80    45.54  50.55    0.40     9.42    0.00      0.00     0.00   0.00    0.00     0.00   29.70    0.07    0.33  27.82


avg-cpu:  %user   %nice %system %iowait  %steal   %idle
          78.71    0.00   13.37    7.43    0.00    0.50

Device            r/s     rkB/s   rrqm/s  %rrqm r_await rareq-sz     w/s     wkB/s   wrqm/s  %wrqm w_await wareq-sz     d/s     dkB/s   drqm/s  %drqm d_await dareq-sz     f/s f_await  aqu-sz  %util
dm-0             0.00      0.00     0.00   0.00    0.00     0.00    0.00      0.00     0.00   0.00    0.00     0.00    0.00      0.00     0.00   0.00    0.00     0.00    0.00    0.00    0.00   0.00
loop0          546.00  11120.00     0.00   0.00    0.37    20.37    0.00      0.00     0.00   0.00    0.00     0.00    0.00      0.00     0.00   0.00    0.00     0.00    0.00    0.00    0.20  17.70
sda            614.00  15156.00     0.00   0.00    0.43    24.68   45.00    420.00    45.00  50.00    0.33     9.33    0.00      0.00     0.00   0.00    0.00     0.00   30.00    0.03    0.28  22.40


avg-cpu:  %user   %nice %system %iowait  %steal   %idle
          43.37    0.00   23.98   21.94    0.00   10.71

Device            r/s     rkB/s   rrqm/s  %rrqm r_await rareq-sz     w/s     wkB/s   wrqm/s  %wrqm w_await wareq-sz     d/s     dkB/s   drqm/s  %drqm d_await dareq-sz     f/s f_await  aqu-sz  %util
dm-0             8.00     64.00     0.00   0.00    0.38     8.00    0.00      0.00     0.00   0.00    0.00     0.00    0.00      0.00     0.00   0.00    0.00     0.00    0.00    0.00    0.00   0.10
loop0          930.00  21760.00     0.00   0.00    0.36    23.40    0.00      0.00     0.00   0.00    0.00     0.00    0.00      0.00     0.00   0.00    0.00     0.00    0.00    0.00    0.33  31.70
sda            969.00  33476.00     0.00   0.00    0.47    34.55   45.00    420.00    45.00  50.00    0.38     9.33    0.00      0.00     0.00   0.00    0.00     0.00   30.00    0.07    0.47  35.30


avg-cpu:  %user   %nice %system %iowait  %steal   %idle
          25.64    0.00   10.26   35.38    0.00   28.72

Device            r/s     rkB/s   rrqm/s  %rrqm r_await rareq-sz     w/s     wkB/s   wrqm/s  %wrqm w_await wareq-sz     d/s     dkB/s   drqm/s  %drqm d_await dareq-sz     f/s f_await  aqu-sz  %util
dm-0             0.00      0.00     0.00   0.00    0.00     0.00    0.00      0.00     0.00   0.00    0.00     0.00    0.00      0.00     0.00   0.00    0.00     0.00    0.00    0.00    0.00   0.00
loop0         1358.00  28348.00     0.00   0.00    0.31    20.87    0.00      0.00     0.00   0.00    0.00     0.00    0.00      0.00     0.00   0.00    0.00     0.00    0.00    0.00    0.42  41.70
sda           1202.00  28072.00     0.00   0.00    0.41    23.35   45.00    420.00    45.00  50.00    0.40     9.33    0.00      0.00     0.00   0.00    0.00     0.00   30.00    0.07    0.51  39.80


avg-cpu:  %user   %nice %system %iowait  %steal   %idle
          27.41    0.00    9.64   34.01    0.00   28.93

Device            r/s     rkB/s   rrqm/s  %rrqm r_await rareq-sz     w/s     wkB/s   wrqm/s  %wrqm w_await wareq-sz     d/s     dkB/s   drqm/s  %drqm d_await dareq-sz     f/s f_await  aqu-sz  %util
dm-0             0.00      0.00     0.00   0.00    0.00     0.00    0.00      0.00     0.00   0.00    0.00     0.00    0.00      0.00     0.00   0.00    0.00     0.00    0.00    0.00    0.00   0.00
loop0          928.00  55072.00     0.00   0.00    0.48    59.34    2.00     24.00     4.00  66.67    1.50    12.00    0.00      0.00     0.00   0.00    0.00     0.00    2.00    1.50    0.46  40.80
sda           1184.00  75924.00     0.00   0.00    0.52    64.12   51.00    496.00    54.00  51.43    0.37     9.73    0.00      0.00     0.00   0.00    0.00     0.00   34.00    0.03    0.64  36.80


avg-cpu:  %user   %nice %system %iowait  %steal   %idle
          37.11    0.00   10.82   19.07    0.00   32.99

Device            r/s     rkB/s   rrqm/s  %rrqm r_await rareq-sz     w/s     wkB/s   wrqm/s  %wrqm w_await wareq-sz     d/s     dkB/s   drqm/s  %drqm d_await dareq-sz     f/s f_await  aqu-sz  %util
dm-0             0.00      0.00     0.00   0.00    0.00     0.00    0.00      0.00     0.00   0.00    0.00     0.00    0.00      0.00     0.00   0.00    0.00     0.00    0.00    0.00    0.00   0.00
loop0          932.00  28244.00     0.00   0.00    0.30    30.30    0.00      0.00     0.00   0.00    0.00     0.00    0.00      0.00     0.00   0.00    0.00     0.00    0.00    0.00    0.28  26.80
sda            752.00  34636.00     0.00   0.00    0.47    46.06   45.00    420.00    45.00  50.00    0.38     9.33    0.00      0.00     0.00   0.00    0.00     0.00   30.00    0.07    0.38  27.40


avg-cpu:  %user   %nice %system %iowait  %steal   %idle
          25.51    0.00   10.20   37.24    0.00   27.04

Device            r/s     rkB/s   rrqm/s  %rrqm r_await rareq-sz     w/s     wkB/s   wrqm/s  %wrqm w_await wareq-sz     d/s     dkB/s   drqm/s  %drqm d_await dareq-sz     f/s f_await  aqu-sz  %util
dm-0             0.00      0.00     0.00   0.00    0.00     0.00    0.00      0.00     0.00   0.00    0.00     0.00    0.00      0.00     0.00   0.00    0.00     0.00    0.00    0.00    0.00   0.00
loop0         1040.00  49540.00     0.00   0.00    0.50    47.63    0.00      0.00     0.00   0.00    0.00     0.00    0.00      0.00     0.00   0.00    0.00     0.00    0.00    0.00    0.52  44.20
sda           1379.00  63424.00     0.00   0.00    0.46    45.99   45.00    424.00    46.00  50.55    0.36     9.42    0.00      0.00     0.00   0.00    0.00     0.00   30.00    0.03    0.65  44.80


avg-cpu:  %user   %nice %system %iowait  %steal   %idle
          20.10    0.00    3.52    6.53    0.00   69.85

Device            r/s     rkB/s   rrqm/s  %rrqm r_await rareq-sz     w/s     wkB/s   wrqm/s  %wrqm w_await wareq-sz     d/s     dkB/s   drqm/s  %drqm d_await dareq-sz     f/s f_await  aqu-sz  %util
dm-0             0.00      0.00     0.00   0.00    0.00     0.00    0.00      0.00     0.00   0.00    0.00     0.00    0.00      0.00     0.00   0.00    0.00     0.00    0.00    0.00    0.00   0.00
loop0          333.00   7580.00     0.00   0.00    0.26    22.76    0.00      0.00     0.00   0.00    0.00     0.00    0.00      0.00     0.00   0.00    0.00     0.00    0.00    0.00    0.09   7.30
sda            205.00   8152.00     0.00   0.00    0.50    39.77   45.00    424.00    46.00  50.55    0.33     9.42    0.00      0.00     0.00   0.00    0.00     0.00   30.00    0.07    0.12   9.70


avg-cpu:  %user   %nice %system %iowait  %steal   %idle
           7.07    0.00   19.19    3.54    0.00   70.20

Device            r/s     rkB/s   rrqm/s  %rrqm r_await rareq-sz     w/s     wkB/s   wrqm/s  %wrqm w_await wareq-sz     d/s     dkB/s   drqm/s  %drqm d_await dareq-sz     f/s f_await  aqu-sz  %util
dm-0             0.00      0.00     0.00   0.00    0.00     0.00    0.00      0.00     0.00   0.00    0.00     0.00    0.00      0.00     0.00   0.00    0.00     0.00    0.00    0.00    0.00   0.00
loop0           92.00   5780.00     0.00   0.00    0.59    62.83    1.00      4.00     0.00   0.00    1.00     4.00    0.00      0.00     0.00   0.00    0.00     0.00    0.00    0.00    0.05   4.10
sda            229.00  11232.00     0.00   0.00    0.52    49.05   45.00    424.00    46.00  50.55    0.33     9.42    0.00      0.00     0.00   0.00    0.00     0.00   30.00    0.03    0.14   8.50


avg-cpu:  %user   %nice %system %iowait  %steal   %idle
           0.51    0.00   57.07    6.57    0.00   35.86

Device            r/s     rkB/s   rrqm/s  %rrqm r_await rareq-sz     w/s     wkB/s   wrqm/s  %wrqm w_await wareq-sz     d/s     dkB/s   drqm/s  %drqm d_await dareq-sz     f/s f_await  aqu-sz  %util
dm-0             0.00      0.00     0.00   0.00    0.00     0.00    0.00      0.00     0.00   0.00    0.00     0.00    0.00      0.00     0.00   0.00    0.00     0.00    0.00    0.00    0.00   0.00
loop0          519.00  66432.00     0.00   0.00    0.88   128.00    0.00      0.00     0.00   0.00    0.00     0.00    0.00      0.00     0.00   0.00    0.00     0.00    0.00    0.00    0.46  27.00
sda            523.00  66548.00     0.00   0.00    0.76   127.24   45.00    424.00    46.00  50.55    0.36     9.42    0.00      0.00     0.00   0.00    0.00     0.00   30.00    0.03    0.42  18.30


avg-cpu:  %user   %nice %system %iowait  %steal   %idle
           4.50    0.00   80.00   15.50    0.00    0.00

Device            r/s     rkB/s   rrqm/s  %rrqm r_await rareq-sz     w/s     wkB/s   wrqm/s  %wrqm w_await wareq-sz     d/s     dkB/s   drqm/s  %drqm d_await dareq-sz     f/s f_await  aqu-sz  %util
dm-0             0.00      0.00     0.00   0.00    0.00     0.00    0.00      0.00     0.00   0.00    0.00     0.00    0.00      0.00     0.00   0.00    0.00     0.00    0.00    0.00    0.00   0.00
loop0         1121.00 142876.00     0.00   0.00    1.34   127.45  423.00 206452.00    84.00  16.57    2.42   488.07    0.00      0.00     0.00   0.00    0.00     0.00    2.00    1.50    2.53  87.50
sda           1142.00 143516.00     0.00   0.00    0.79   125.67  835.00 180896.00    39.00   4.46   17.23   216.64    0.00      0.00     0.00   0.00    0.00     0.00   12.00    0.08   15.29  60.80


avg-cpu:  %user   %nice %system %iowait  %steal   %idle
           1.01    0.00   52.26    3.02    0.00   43.72

Device            r/s     rkB/s   rrqm/s  %rrqm r_await rareq-sz     w/s     wkB/s   wrqm/s  %wrqm w_await wareq-sz     d/s     dkB/s   drqm/s  %drqm d_await dareq-sz     f/s f_await  aqu-sz  %util
dm-0             0.00      0.00     0.00   0.00    0.00     0.00    0.00      0.00     0.00   0.00    0.00     0.00    0.00      0.00     0.00   0.00    0.00     0.00    0.00    0.00    0.00   0.00
loop0          133.00   9968.00     0.00   0.00    1.38    74.95   12.00  12560.00     1.00   7.69    6.33  1046.67    0.00      0.00     0.00   0.00    0.00     0.00    0.00    0.00    0.26   9.10
sda            152.00  11956.00     0.00   0.00    0.66    78.66   83.00    784.00    86.00  50.89    0.37     9.45    0.00      0.00     0.00   0.00    0.00     0.00   56.00    0.04    0.13   6.70


avg-cpu:  %user   %nice %system %iowait  %steal   %idle
           5.94    0.00   86.14    0.50    0.00    7.43

Device            r/s     rkB/s   rrqm/s  %rrqm r_await rareq-sz     w/s     wkB/s   wrqm/s  %wrqm w_await wareq-sz     d/s     dkB/s   drqm/s  %drqm d_await dareq-sz     f/s f_await  aqu-sz  %util
dm-0             6.00    232.00     0.00   0.00    1.33    38.67    0.00      0.00     0.00   0.00    0.00     0.00    0.00      0.00     0.00   0.00    0.00     0.00    0.00    0.00    0.01   0.30
loop0            0.00      0.00     0.00   0.00    0.00     0.00    4.00     20.00     1.00  20.00    2.25     5.00    0.00      0.00     0.00   0.00    0.00     0.00    0.00    0.00    0.01   0.30
sda              6.00    232.00     0.00   0.00    0.83    38.67  249.00  39272.00    43.00  14.73   13.20   157.72    0.00      0.00     0.00   0.00    0.00     0.00   20.00    0.05    3.29   8.10


avg-cpu:  %user   %nice %system %iowait  %steal   %idle
          21.43    0.00   69.90    8.67    0.00    0.00

Device            r/s     rkB/s   rrqm/s  %rrqm r_await rareq-sz     w/s     wkB/s   wrqm/s  %wrqm w_await wareq-sz     d/s     dkB/s   drqm/s  %drqm d_await dareq-sz     f/s f_await  aqu-sz  %util
dm-0             2.00      8.00     0.00   0.00    0.00     4.00    0.00      0.00     0.00   0.00    0.00     0.00    0.00      0.00     0.00   0.00    0.00     0.00    0.00    0.00    0.00   0.00
loop0          434.00  53436.00     0.00   0.00    0.97   123.12  270.00  52984.00   139.00  33.99    1.53   196.24    0.00      0.00     0.00   0.00    0.00     0.00    0.00    0.00    0.84  30.40
sda            439.00  53748.00     0.00   0.00    0.76   122.43   73.00    632.00    66.00  47.48    0.38     8.66    0.00      0.00     0.00   0.00    0.00     0.00   46.00    0.07    0.37  20.80


avg-cpu:  %user   %nice %system %iowait  %steal   %idle
          41.71    0.00   42.71   15.08    0.00    0.50

Device            r/s     rkB/s   rrqm/s  %rrqm r_await rareq-sz     w/s     wkB/s   wrqm/s  %wrqm w_await wareq-sz     d/s     dkB/s   drqm/s  %drqm d_await dareq-sz     f/s f_await  aqu-sz  %util
dm-0             0.00      0.00     0.00   0.00    0.00     0.00    0.00      0.00     0.00   0.00    0.00     0.00    0.00      0.00     0.00   0.00    0.00     0.00    0.00    0.00    0.00   0.00
loop0           12.87   1647.52     0.00   0.00    0.31   128.00  409.90   1821.78    39.60   8.81    0.03     4.44    0.00      0.00     0.00   0.00    0.00     0.00    0.00    0.00    0.01   0.59
sda             12.87   1647.52     0.00   0.00    1.00   128.00   66.34   6087.13    39.60  37.38    1.34    91.76    0.00      0.00     0.00   0.00    0.00     0.00   21.78    0.05    0.10   2.67


avg-cpu:  %user   %nice %system %iowait  %steal   %idle
           8.76    0.00   64.95   15.98    0.00   10.31

Device            r/s     rkB/s   rrqm/s  %rrqm r_await rareq-sz     w/s     wkB/s   wrqm/s  %wrqm w_await wareq-sz     d/s     dkB/s   drqm/s  %drqm d_await dareq-sz     f/s f_await  aqu-sz  %util
dm-0             0.00      0.00     0.00   0.00    0.00     0.00    0.00      0.00     0.00   0.00    0.00     0.00    0.00      0.00     0.00   0.00    0.00     0.00    0.00    0.00    0.00   0.00
loop0          774.75  96840.40     0.00   0.00    1.19   125.00  496.97  96901.01   379.80  43.32    2.63   194.98    0.00      0.00     0.00   0.00    0.00     0.00    2.02   79.00    2.39  71.72
sda            841.41  99426.26     0.00   0.00    0.75   118.17  497.98  93292.93    98.99  16.58   23.38   187.34    0.00      0.00     0.00   0.00    0.00     0.00   54.55    0.04   12.27  45.45


avg-cpu:  %user   %nice %system %iowait  %steal   %idle
           0.52    0.00    1.55   51.03    0.00   46.91

Device            r/s     rkB/s   rrqm/s  %rrqm r_await rareq-sz     w/s     wkB/s   wrqm/s  %wrqm w_await wareq-sz     d/s     dkB/s   drqm/s  %drqm d_await dareq-sz     f/s f_await  aqu-sz  %util
dm-0             0.00      0.00     0.00   0.00    0.00     0.00    0.00      0.00     0.00   0.00    0.00     0.00    0.00      0.00     0.00   0.00    0.00     0.00    0.00    0.00    0.00   0.00
loop0           16.00   2048.00     0.00   0.00    0.19   128.00  502.00   2008.00     0.00   0.00    0.04     4.00    0.00      0.00     0.00   0.00    0.00     0.00    0.00    0.00    0.02   0.00
sda             16.00   2048.00     0.00   0.00    0.94   128.00   61.00    520.00    56.00  47.86    0.41     8.52    0.00      0.00     0.00   0.00    0.00     0.00   33.00    0.06    0.04   3.20


avg-cpu:  %user   %nice %system %iowait  %steal   %idle
           1.03    0.00    1.03   51.55    0.00   46.39

Device            r/s     rkB/s   rrqm/s  %rrqm r_await rareq-sz     w/s     wkB/s   wrqm/s  %wrqm w_await wareq-sz     d/s     dkB/s   drqm/s  %drqm d_await dareq-sz     f/s f_await  aqu-sz  %util
dm-0             0.00      0.00     0.00   0.00    0.00     0.00    0.00      0.00     0.00   0.00    0.00     0.00    0.00      0.00     0.00   0.00    0.00     0.00    0.00    0.00    0.00   0.00
loop0           15.00   1920.00     0.00   0.00    0.13   128.00  500.00   2000.00     0.00   0.00    0.04     4.00    0.00      0.00     0.00   0.00    0.00     0.00    0.00    0.00    0.02   0.00
sda             15.00   1920.00     0.00   0.00    1.13   128.00   32.00    192.00    16.00  33.33    0.41     6.00    0.00      0.00     0.00   0.00    0.00     0.00   10.00    0.00    0.03   1.70


avg-cpu:  %user   %nice %system %iowait  %steal   %idle
           0.52    0.00    1.04   58.03    0.00   40.41

Device            r/s     rkB/s   rrqm/s  %rrqm r_await rareq-sz     w/s     wkB/s   wrqm/s  %wrqm w_await wareq-sz     d/s     dkB/s   drqm/s  %drqm d_await dareq-sz     f/s f_await  aqu-sz  %util
dm-0             0.00      0.00     0.00   0.00    0.00     0.00    0.00      0.00     0.00   0.00    0.00     0.00    0.00      0.00     0.00   0.00    0.00     0.00    0.00    0.00    0.00   0.00
loop0           17.82   2051.49     0.00   0.00    0.33   115.11  493.07   1976.24     0.99   0.20    0.05     4.01    0.00      0.00     0.00   0.00    0.00     0.00    0.00    0.00    0.03   0.20
sda             21.78   2273.27     0.00   0.00    0.86   104.36  121.78    752.48    66.34  35.26    0.41     6.18    0.00      0.00     0.00   0.00    0.00     0.00   33.66    0.06    0.07   2.57


avg-cpu:  %user   %nice %system %iowait  %steal   %idle
           0.52    0.00    1.55   56.99    0.00   40.93

Device            r/s     rkB/s   rrqm/s  %rrqm r_await rareq-sz     w/s     wkB/s   wrqm/s  %wrqm w_await wareq-sz     d/s     dkB/s   drqm/s  %drqm d_await dareq-sz     f/s f_await  aqu-sz  %util
dm-0             0.00      0.00     0.00   0.00    0.00     0.00    0.00      0.00     0.00   0.00    0.00     0.00    0.00      0.00     0.00   0.00    0.00     0.00    0.00    0.00    0.00   0.00
loop0           15.00   1920.00     0.00   0.00    0.13   128.00  500.00   2120.00    30.00   5.66    0.05     4.24    0.00      0.00     0.00   0.00    0.00     0.00    0.00    0.00    0.03   0.00
sda             15.00   1920.00     0.00   0.00    1.07   128.00  145.00   1160.00    78.00  34.98    0.41     8.00    0.00      0.00     0.00   0.00    0.00     0.00   40.00    0.05    0.08   2.70


avg-cpu:  %user   %nice %system %iowait  %steal   %idle
           0.52    0.00    2.07   58.03    0.00   39.38

Device            r/s     rkB/s   rrqm/s  %rrqm r_await rareq-sz     w/s     wkB/s   wrqm/s  %wrqm w_await wareq-sz     d/s     dkB/s   drqm/s  %drqm d_await dareq-sz     f/s f_await  aqu-sz  %util
dm-0             0.00      0.00     0.00   0.00    0.00     0.00    0.00      0.00     0.00   0.00    0.00     0.00    0.00      0.00     0.00   0.00    0.00     0.00    0.00    0.00    0.00   0.00
loop0           15.00   1920.00     0.00   0.00    6.00   128.00  509.00   2072.00     9.00   1.74    5.37     4.07    0.00      0.00     0.00   0.00    0.00     0.00    2.00   86.00    3.00  17.20
sda             15.00   1920.00     0.00   0.00    1.00   128.00  369.00  62372.00   100.00  21.32   34.81   169.03    0.00      0.00     0.00   0.00    0.00     0.00   61.00    0.03   12.86  20.00


avg-cpu:  %user   %nice %system %iowait  %steal   %idle
           1.03    0.00   17.44   48.21    0.00   33.33

Device            r/s     rkB/s   rrqm/s  %rrqm r_await rareq-sz     w/s     wkB/s   wrqm/s  %wrqm w_await wareq-sz     d/s     dkB/s   drqm/s  %drqm d_await dareq-sz     f/s f_await  aqu-sz  %util
dm-0             0.00      0.00     0.00   0.00    0.00     0.00    0.00      0.00     0.00   0.00    0.00     0.00    0.00      0.00     0.00   0.00    0.00     0.00    0.00    0.00    0.00   0.00
loop0          608.00  76124.00     0.00   0.00    0.85   125.20  556.00  76164.00    87.00  13.53    0.73   136.99    0.00      0.00     0.00   0.00    0.00     0.00    0.00    0.00    0.92  33.20
sda            602.00  75820.00     0.00   0.00    0.77   125.95  218.00  37384.00    60.00  21.58    7.50   171.49    0.00      0.00     0.00   0.00    0.00     0.00   32.00    0.06    2.10  24.40


avg-cpu:  %user   %nice %system %iowait  %steal   %idle
           1.06    0.00    1.59   49.74    0.00   47.62

Device            r/s     rkB/s   rrqm/s  %rrqm r_await rareq-sz     w/s     wkB/s   wrqm/s  %wrqm w_await wareq-sz     d/s     dkB/s   drqm/s  %drqm d_await dareq-sz     f/s f_await  aqu-sz  %util
dm-0             0.00      0.00     0.00   0.00    0.00     0.00    0.00      0.00     0.00   0.00    0.00     0.00    0.00      0.00     0.00   0.00    0.00     0.00    0.00    0.00    0.00   0.00
loop0           99.00  12672.00     0.00   0.00    0.21   128.00  645.00  12680.00   309.00  32.39    0.08    19.66    0.00      0.00     0.00   0.00    0.00     0.00    0.00    0.00    0.07   0.30
sda            103.00  12672.00     0.00   0.00    0.93   123.03   50.00    476.00    54.00  51.92    0.34     9.52    0.00      0.00     0.00   0.00    0.00     0.00   34.00    0.03    0.12  10.30


avg-cpu:  %user   %nice %system %iowait  %steal   %idle
           0.52    0.00    1.04   51.56    0.00   46.88

Device            r/s     rkB/s   rrqm/s  %rrqm r_await rareq-sz     w/s     wkB/s   wrqm/s  %wrqm w_await wareq-sz     d/s     dkB/s   drqm/s  %drqm d_await dareq-sz     f/s f_await  aqu-sz  %util
dm-0             0.00      0.00     0.00   0.00    0.00     0.00    0.00      0.00     0.00   0.00    0.00     0.00    0.00      0.00     0.00   0.00    0.00     0.00    0.00    0.00    0.00   0.00
loop0           16.00   2048.00     0.00   0.00    0.25   128.00  501.00   2004.00     0.00   0.00    0.04     4.00    0.00      0.00     0.00   0.00    0.00     0.00    0.00    0.00    0.02   0.00
sda             16.00   2048.00     0.00   0.00    1.19   128.00   51.00    420.00    45.00  46.88    0.39     8.24    0.00      0.00     0.00   0.00    0.00     0.00   24.00    0.04    0.04   2.90


avg-cpu:  %user   %nice %system %iowait  %steal   %idle
           1.03    0.00    1.54   53.33    0.00   44.10

Device            r/s     rkB/s   rrqm/s  %rrqm r_await rareq-sz     w/s     wkB/s   wrqm/s  %wrqm w_await wareq-sz     d/s     dkB/s   drqm/s  %drqm d_await dareq-sz     f/s f_await  aqu-sz  %util
dm-0             0.00      0.00     0.00   0.00    0.00     0.00    0.00      0.00     0.00   0.00    0.00     0.00    0.00      0.00     0.00   0.00    0.00     0.00    0.00    0.00    0.00   0.00
loop0           16.00   2048.00     0.00   0.00    0.12   128.00  502.00   2120.00    28.00   5.28    0.04     4.22    0.00      0.00     0.00   0.00    0.00     0.00    0.00    0.00    0.02   0.00
sda             16.00   2048.00     0.00   0.00    1.06   128.00   68.00   1876.00    29.00  29.90    0.51    27.59    0.00      0.00     0.00   0.00    0.00     0.00   18.00    0.06    0.05   2.20


avg-cpu:  %user   %nice %system %iowait  %steal   %idle
          12.76    0.00   30.10   39.29    0.00   17.86

Device            r/s     rkB/s   rrqm/s  %rrqm r_await rareq-sz     w/s     wkB/s   wrqm/s  %wrqm w_await wareq-sz     d/s     dkB/s   drqm/s  %drqm d_await dareq-sz     f/s f_await  aqu-sz  %util
dm-0             0.00      0.00     0.00   0.00    0.00     0.00    0.00      0.00     0.00   0.00    0.00     0.00    0.00      0.00     0.00   0.00    0.00     0.00    0.00    0.00    0.00   0.00
loop0          548.00  68084.00     0.00   0.00    1.35   124.24  496.00  68200.00    74.00  12.98    9.87   137.50    0.00      0.00     0.00   0.00    0.00     0.00    2.00   77.50    5.79  54.50
sda            543.00  68104.00     0.00   0.00    0.80   125.42  497.00  86260.00   128.00  20.48   29.48   173.56    0.00      0.00     0.00   0.00    0.00     0.00   68.00    0.06   15.09  36.60


avg-cpu:  %user   %nice %system %iowait  %steal   %idle
          45.31    0.00   16.67   36.98    0.00    1.04

Device            r/s     rkB/s   rrqm/s  %rrqm r_await rareq-sz     w/s     wkB/s   wrqm/s  %wrqm w_await wareq-sz     d/s     dkB/s   drqm/s  %drqm d_await dareq-sz     f/s f_await  aqu-sz  %util
dm-0             0.00      0.00     0.00   0.00    0.00     0.00    0.00      0.00     0.00   0.00    0.00     0.00    0.00      0.00     0.00   0.00    0.00     0.00    0.00    0.00    0.00   0.00
loop0          407.00  51864.00     0.00   0.00    0.93   127.43  473.00  51848.00    48.00   9.21    1.09   109.62    0.00      0.00     0.00   0.00    0.00     0.00    1.00  137.00    1.03  25.80
sda            409.00  51776.00     0.00   0.00    0.84   126.59  286.00  53552.00    81.00  22.07   25.62   187.24    0.00      0.00     0.00   0.00    0.00     0.00   40.00    0.05    7.67  27.20


avg-cpu:  %user   %nice %system %iowait  %steal   %idle
           6.84    0.00   15.79   42.11    0.00   35.26

Device            r/s     rkB/s   rrqm/s  %rrqm r_await rareq-sz     w/s     wkB/s   wrqm/s  %wrqm w_await wareq-sz     d/s     dkB/s   drqm/s  %drqm d_await dareq-sz     f/s f_await  aqu-sz  %util
dm-0             0.00      0.00     0.00   0.00    0.00     0.00    0.00      0.00     0.00   0.00    0.00     0.00    0.00      0.00     0.00   0.00    0.00     0.00    0.00    0.00    0.00   0.00
loop0          138.00  16460.00     0.00   0.00    0.62   119.28  571.00  16008.00    71.00  11.06    0.18    28.04    0.00      0.00     0.00   0.00    0.00     0.00    0.00    0.00    0.18   6.10
sda            156.00  17484.00     0.00   0.00    0.83   112.08   51.00    488.00    56.00  52.34    0.39     9.57    0.00      0.00     0.00   0.00    0.00     0.00   32.00    0.03    0.15  11.80


avg-cpu:  %user   %nice %system %iowait  %steal   %idle
           0.00    0.00    0.52   51.81    0.00   47.67

Device            r/s     rkB/s   rrqm/s  %rrqm r_await rareq-sz     w/s     wkB/s   wrqm/s  %wrqm w_await wareq-sz     d/s     dkB/s   drqm/s  %drqm d_await dareq-sz     f/s f_await  aqu-sz  %util
dm-0             0.00      0.00     0.00   0.00    0.00     0.00    0.00      0.00     0.00   0.00    0.00     0.00    0.00      0.00     0.00   0.00    0.00     0.00    0.00    0.00    0.00   0.00
loop0           16.00   2048.00     0.00   0.00    0.19   128.00  501.00   2004.00     0.00   0.00    0.04     4.00    0.00      0.00     0.00   0.00    0.00     0.00    0.00    0.00    0.02   0.00
sda             16.00   2048.00     0.00   0.00    1.06   128.00   53.00    444.00    49.00  48.04    0.42     8.38    0.00      0.00     0.00   0.00    0.00     0.00   23.00    0.09    0.04   2.50


avg-cpu:  %user   %nice %system %iowait  %steal   %idle
           1.03    0.00    1.03   52.58    0.00   45.36

Device            r/s     rkB/s   rrqm/s  %rrqm r_await rareq-sz     w/s     wkB/s   wrqm/s  %wrqm w_await wareq-sz     d/s     dkB/s   drqm/s  %drqm d_await dareq-sz     f/s f_await  aqu-sz  %util
dm-0             0.00      0.00     0.00   0.00    0.00     0.00    0.00      0.00     0.00   0.00    0.00     0.00    0.00      0.00     0.00   0.00    0.00     0.00    0.00    0.00    0.00   0.00
loop0           15.00   1920.00     0.00   0.00    0.13   128.00  503.00   2124.00    28.00   5.27    0.04     4.22    0.00      0.00     0.00   0.00    0.00     0.00    0.00    0.00    0.02   0.00
sda             15.00   1920.00     0.00   0.00    1.07   128.00   62.00    368.00    30.00  32.61    0.48     5.94    0.00      0.00     0.00   0.00    0.00     0.00   17.00    0.12    0.05   2.30


avg-cpu:  %user   %nice %system %iowait  %steal   %idle
           0.00    0.00    3.11   54.92    0.00   41.97

Device            r/s     rkB/s   rrqm/s  %rrqm r_await rareq-sz     w/s     wkB/s   wrqm/s  %wrqm w_await wareq-sz     d/s     dkB/s   drqm/s  %drqm d_await dareq-sz     f/s f_await  aqu-sz  %util
dm-0             0.00      0.00     0.00   0.00    0.00     0.00    0.00      0.00     0.00   0.00    0.00     0.00    0.00      0.00     0.00   0.00    0.00     0.00    0.00    0.00    0.00   0.00
loop0           18.00   2060.00     0.00   0.00    0.67   114.44  515.00   2092.00     8.00   1.53    0.47     4.06    0.00      0.00     0.00   0.00    0.00     0.00    2.00   79.50    0.41  16.10
sda             19.00   2036.00     0.00   0.00    2.00   107.16  347.00  59516.00   112.00  24.40   36.36   171.52    0.00      0.00     0.00   0.00    0.00     0.00   70.00    0.04   12.66  19.30


avg-cpu:  %user   %nice %system %iowait  %steal   %idle
           0.51    0.00   14.29   50.51    0.00   34.69

Device            r/s     rkB/s   rrqm/s  %rrqm r_await rareq-sz     w/s     wkB/s   wrqm/s  %wrqm w_await wareq-sz     d/s     dkB/s   drqm/s  %drqm d_await dareq-sz     f/s f_await  aqu-sz  %util
dm-0             0.00      0.00     0.00   0.00    0.00     0.00    0.00      0.00     0.00   0.00    0.00     0.00    0.00      0.00     0.00   0.00    0.00     0.00    0.00    0.00    0.00   0.00
loop0          490.00  61516.00     0.00   0.00    0.83   125.54  483.00  56152.00    80.00  14.21    0.87   116.26    0.00      0.00     0.00   0.00    0.00     0.00    0.00    0.00    0.83  26.60
sda            488.00  61264.00     0.00   0.00    0.79   125.54  252.00  44320.00    65.00  20.50    8.65   175.87    0.00      0.00     0.00   0.00    0.00     0.00   32.00    0.06    2.57  18.30


avg-cpu:  %user   %nice %system %iowait  %steal   %idle
           1.06    0.00    4.79   50.00    0.00   44.15

Device            r/s     rkB/s   rrqm/s  %rrqm r_await rareq-sz     w/s     wkB/s   wrqm/s  %wrqm w_await wareq-sz     d/s     dkB/s   drqm/s  %drqm d_await dareq-sz     f/s f_await  aqu-sz  %util
dm-0             0.00      0.00     0.00   0.00    0.00     0.00    0.00      0.00     0.00   0.00    0.00     0.00    0.00      0.00     0.00   0.00    0.00     0.00    0.00    0.00    0.00   0.00
loop0          263.00  33180.00     0.00   0.00    0.65   126.16  712.00  38640.00   362.00  33.71    0.25    54.27    0.00      0.00     0.00   0.00    0.00     0.00    0.00    0.00    0.35   9.70
sda            267.00  33536.00     0.00   0.00    0.83   125.60   60.00    524.00    56.00  48.28    0.42     8.73    0.00      0.00     0.00   0.00    0.00     0.00   38.00    0.05    0.25  17.90


avg-cpu:  %user   %nice %system %iowait  %steal   %idle
           1.03    0.00    1.55   51.55    0.00   45.88

Device            r/s     rkB/s   rrqm/s  %rrqm r_await rareq-sz     w/s     wkB/s   wrqm/s  %wrqm w_await wareq-sz     d/s     dkB/s   drqm/s  %drqm d_await dareq-sz     f/s f_await  aqu-sz  %util
dm-0             0.00      0.00     0.00   0.00    0.00     0.00    0.00      0.00     0.00   0.00    0.00     0.00    0.00      0.00     0.00   0.00    0.00     0.00    0.00    0.00    0.00   0.00
loop0           16.00   2048.00     0.00   0.00    0.19   128.00  501.00   2004.00     0.00   0.00    0.04     4.00    0.00      0.00     0.00   0.00    0.00     0.00    0.00    0.00    0.02   0.00
sda             17.00   2048.00     0.00   0.00    1.00   120.47   60.00    468.00    48.00  44.44    0.40     7.80    0.00      0.00     0.00   0.00    0.00     0.00   28.00    0.04    0.04   3.00


avg-cpu:  %user   %nice %system %iowait  %steal   %idle
           0.52    0.00    1.04   53.89    0.00   44.56

Device            r/s     rkB/s   rrqm/s  %rrqm r_await rareq-sz     w/s     wkB/s   wrqm/s  %wrqm w_await wareq-sz     d/s     dkB/s   drqm/s  %drqm d_await dareq-sz     f/s f_await  aqu-sz  %util
dm-0             0.00      0.00     0.00   0.00    0.00     0.00    0.00      0.00     0.00   0.00    0.00     0.00    0.00      0.00     0.00   0.00    0.00     0.00    0.00    0.00    0.00   0.00
loop0           17.00   1932.00     0.00   0.00    0.18   113.65  502.00   2012.00    23.00   4.38    0.04     4.01    0.00      0.00     0.00   0.00    0.00     0.00    0.00    0.00    0.03   0.10
sda             17.00   2052.00     0.00   0.00    0.94   120.71   88.00    464.00    28.00  24.14    0.62     5.27    0.00      0.00     0.00   0.00    0.00     0.00   14.00    0.07    0.07   2.20


avg-cpu:  %user   %nice %system %iowait  %steal   %idle
           1.03    0.00   11.28   55.38    0.00   32.31

Device            r/s     rkB/s   rrqm/s  %rrqm r_await rareq-sz     w/s     wkB/s   wrqm/s  %wrqm w_await wareq-sz     d/s     dkB/s   drqm/s  %drqm d_await dareq-sz     f/s f_await  aqu-sz  %util
dm-0             0.00      0.00     0.00   0.00    0.00     0.00    0.00      0.00     0.00   0.00    0.00     0.00    0.00      0.00     0.00   0.00    0.00     0.00    0.00    0.00    0.00   0.00
loop0          342.00  42804.00     0.00   0.00    0.77   125.16  536.00  39488.00    19.00   3.42    0.83    73.67    0.00      0.00     0.00   0.00    0.00     0.00    2.00   76.50    0.86  32.90
sda            349.00  42648.00     0.00   0.00    0.73   122.20  398.00  67540.00   125.00  23.90   31.13   169.70    0.00      0.00     0.00   0.00    0.00     0.00   70.00    0.06   12.65  26.30


avg-cpu:  %user   %nice %system %iowait  %steal   %idle
           0.53    0.00    8.47   51.32    0.00   39.68

Device            r/s     rkB/s   rrqm/s  %rrqm r_await rareq-sz     w/s     wkB/s   wrqm/s  %wrqm w_await wareq-sz     d/s     dkB/s   drqm/s  %drqm d_await dareq-sz     f/s f_await  aqu-sz  %util
dm-0             0.00      0.00     0.00   0.00    0.00     0.00    0.00      0.00     0.00   0.00    0.00     0.00    0.00      0.00     0.00   0.00    0.00     0.00    0.00    0.00    0.00   0.00
loop0          374.00  47156.00     0.00   0.00    0.70   126.09  675.00  50708.00   410.00  37.79    0.39    75.12    0.00      0.00     0.00   0.00    0.00     0.00    0.00    0.00    0.52  15.90
sda            379.00  47592.00     0.00   0.00    0.82   125.57  173.00  27848.00    41.00  19.16   23.83   160.97    0.00      0.00     0.00   0.00    0.00     0.00   20.00    0.05    4.43  20.60


avg-cpu:  %user   %nice %system %iowait  %steal   %idle
          23.83    0.00   13.47   45.08    0.00   17.62

Device            r/s     rkB/s   rrqm/s  %rrqm r_await rareq-sz     w/s     wkB/s   wrqm/s  %wrqm w_await wareq-sz     d/s     dkB/s   drqm/s  %drqm d_await dareq-sz     f/s f_await  aqu-sz  %util
dm-0             0.00      0.00     0.00   0.00    0.00     0.00    0.00      0.00     0.00   0.00    0.00     0.00    0.00      0.00     0.00   0.00    0.00     0.00    0.00    0.00    0.00   0.00
loop0           15.00   1920.00     0.00   0.00    0.20   128.00  481.00   1924.00     0.00   0.00    0.03     4.00    0.00      0.00     0.00   0.00    0.00     0.00    0.00    0.00    0.02   0.10
sda             15.00   1920.00     0.00   0.00    1.00   128.00   76.00    468.00    41.00  35.04    0.43     6.16    0.00      0.00     0.00   0.00    0.00     0.00   22.00    0.05    0.05   2.20


avg-cpu:  %user   %nice %system %iowait  %steal   %idle
          33.67    0.00   18.88   40.82    0.00    6.63

Device            r/s     rkB/s   rrqm/s  %rrqm r_await rareq-sz     w/s     wkB/s   wrqm/s  %wrqm w_await wareq-sz     d/s     dkB/s   drqm/s  %drqm d_await dareq-sz     f/s f_await  aqu-sz  %util
dm-0             0.00      0.00     0.00   0.00    0.00     0.00    0.00      0.00     0.00   0.00    0.00     0.00    0.00      0.00     0.00   0.00    0.00     0.00    0.00    0.00    0.00   0.00
loop0           15.00   1920.00     0.00   0.00    0.13   128.00  469.00   1880.00     1.00   0.21    0.04     4.01    0.00      0.00     0.00   0.00    0.00     0.00    0.00    0.00    0.02   0.20
sda             15.00   1920.00     0.00   0.00    0.93   128.00  126.00    780.00    69.00  35.38    0.43     6.19    0.00      0.00     0.00   0.00    0.00     0.00   38.00    0.03    0.07   2.60


avg-cpu:  %user   %nice %system %iowait  %steal   %idle
           0.52    0.00    1.04   55.96    0.00   42.49

Device            r/s     rkB/s   rrqm/s  %rrqm r_await rareq-sz     w/s     wkB/s   wrqm/s  %wrqm w_await wareq-sz     d/s     dkB/s   drqm/s  %drqm d_await dareq-sz     f/s f_await  aqu-sz  %util
dm-0             0.00      0.00     0.00   0.00    0.00     0.00    0.00      0.00     0.00   0.00    0.00     0.00    0.00      0.00     0.00   0.00    0.00     0.00    0.00    0.00    0.00   0.00
loop0           15.00   1920.00     0.00   0.00    0.20   128.00  504.00   2112.00    24.00   4.55    0.03     4.19    0.00      0.00     0.00   0.00    0.00     0.00    0.00    0.00    0.02   0.00
sda             15.00   1920.00     0.00   0.00    1.07   128.00  129.00    788.00    68.00  34.52    0.41     6.11    0.00      0.00     0.00   0.00    0.00     0.00   38.00    0.05    0.07   2.70


avg-cpu:  %user   %nice %system %iowait  %steal   %idle
           1.03    0.00    3.08   56.41    0.00   39.49

Device            r/s     rkB/s   rrqm/s  %rrqm r_await rareq-sz     w/s     wkB/s   wrqm/s  %wrqm w_await wareq-sz     d/s     dkB/s   drqm/s  %drqm d_await dareq-sz     f/s f_await  aqu-sz  %util
dm-0             0.00      0.00     0.00   0.00    0.00     0.00    0.00      0.00     0.00   0.00    0.00     0.00    0.00      0.00     0.00   0.00    0.00     0.00    0.00    0.00    0.00   0.00
loop0           17.00   1932.00     0.00   0.00    1.00   113.65  504.00   2040.00     6.00   1.18    0.77     4.05    0.00      0.00     0.00   0.00    0.00     0.00    2.00   83.00    0.57  16.80
sda             16.00   1924.00     0.00   0.00    2.25   120.25  359.00  60052.00   110.00  23.45   35.69   167.28    0.00      0.00     0.00   0.00    0.00     0.00   64.00    0.05   12.85  19.40


avg-cpu:  %user   %nice %system %iowait  %steal   %idle
           2.06    0.00    5.15   48.45    0.00   44.33

Device            r/s     rkB/s   rrqm/s  %rrqm r_await rareq-sz     w/s     wkB/s   wrqm/s  %wrqm w_await wareq-sz     d/s     dkB/s   drqm/s  %drqm d_await dareq-sz     f/s f_await  aqu-sz  %util
dm-0             8.00     76.00     0.00   0.00    1.50     9.50    0.00      0.00     0.00   0.00    0.00     0.00    0.00      0.00     0.00   0.00    0.00     0.00    0.00    0.00    0.01   0.20
loop0          108.00  13580.00     0.00   0.00    0.67   125.74  468.00   7344.00     1.00   0.21    0.06    15.69    0.00      0.00     0.00   0.00    0.00     0.00    0.00    0.00    0.10   4.50
sda            113.00  13516.00     0.00   0.00    0.81   119.61   58.00    560.00    64.00  52.46    0.41     9.66    0.00      0.00     0.00   0.00    0.00     0.00   40.00    0.05    0.12   5.40


avg-cpu:  %user   %nice %system %iowait  %steal   %idle
           1.07    0.00   12.30   51.34    0.00   35.29

Device            r/s     rkB/s   rrqm/s  %rrqm r_await rareq-sz     w/s     wkB/s   wrqm/s  %wrqm w_await wareq-sz     d/s     dkB/s   drqm/s  %drqm d_await dareq-sz     f/s f_await  aqu-sz  %util
dm-0             6.00     72.00     0.00   0.00    1.00    12.00    0.00      0.00     0.00   0.00    0.00     0.00    0.00      0.00     0.00   0.00    0.00     0.00    0.00    0.00    0.01   0.10
loop0          551.00  69568.00     0.00   0.00    0.73   126.26  699.00  75816.00   525.00  42.89    0.49   108.46    0.00      0.00     0.00   0.00    0.00     0.00    0.00    0.00    0.75  25.70
sda            563.00  69832.00     0.00   0.00    0.80   124.04  204.00  33316.00    64.00  23.88    7.99   163.31    0.00      0.00     0.00   0.00    0.00     0.00   32.00    0.03    2.08  26.50


avg-cpu:  %user   %nice %system %iowait  %steal   %idle
           1.02    0.00    1.53   50.51    0.00   46.94

Device            r/s     rkB/s   rrqm/s  %rrqm r_await rareq-sz     w/s     wkB/s   wrqm/s  %wrqm w_await wareq-sz     d/s     dkB/s   drqm/s  %drqm d_await dareq-sz     f/s f_await  aqu-sz  %util
dm-0             0.00      0.00     0.00   0.00    0.00     0.00    0.00      0.00     0.00   0.00    0.00     0.00    0.00      0.00     0.00   0.00    0.00     0.00    0.00    0.00    0.00   0.00
loop0           16.00   2048.00     0.00   0.00    0.19   128.00  500.00   2048.00     1.00   0.20    0.04     4.10    0.00      0.00     0.00   0.00    0.00     0.00    0.00    0.00    0.02   0.10
sda             16.00   2048.00     0.00   0.00    0.88   128.00   54.00    396.00    39.00  41.94    0.41     7.33    0.00      0.00     0.00   0.00    0.00     0.00   22.00    0.05    0.04   1.40


avg-cpu:  %user   %nice %system %iowait  %steal   %idle
           0.00    0.00    1.55   55.15    0.00   43.30

Device            r/s     rkB/s   rrqm/s  %rrqm r_await rareq-sz     w/s     wkB/s   wrqm/s  %wrqm w_await wareq-sz     d/s     dkB/s   drqm/s  %drqm d_await dareq-sz     f/s f_await  aqu-sz  %util
dm-0             0.00      0.00     0.00   0.00    0.00     0.00    0.00      0.00     0.00   0.00    0.00     0.00    0.00      0.00     0.00   0.00    0.00     0.00    0.00    0.00    0.00   0.00
loop0           16.00   2048.00     0.00   0.00    0.19   128.00  500.00   2092.00    23.00   4.40    0.04     4.18    0.00      0.00     0.00   0.00    0.00     0.00    0.00    0.00    0.02   0.00
sda             16.00   2048.00     0.00   0.00    1.06   128.00   82.00    496.00    43.00  34.40    0.40     6.05    0.00      0.00     0.00   0.00    0.00     0.00   24.00    0.04    0.05   2.30


avg-cpu:  %user   %nice %system %iowait  %steal   %idle
           0.52    0.00    2.08   56.77    0.00   40.62

Device            r/s     rkB/s   rrqm/s  %rrqm r_await rareq-sz     w/s     wkB/s   wrqm/s  %wrqm w_await wareq-sz     d/s     dkB/s   drqm/s  %drqm d_await dareq-sz     f/s f_await  aqu-sz  %util
dm-0             0.00      0.00     0.00   0.00    0.00     0.00    0.00      0.00     0.00   0.00    0.00     0.00    0.00      0.00     0.00   0.00    0.00     0.00    0.00    0.00    0.00   0.00
loop0           15.00   1920.00     0.00   0.00    0.20   128.00  510.00   2060.00     4.00   0.78    0.33     4.04    0.00      0.00     0.00   0.00    0.00     0.00    2.00   74.50    0.32  14.90
sda             17.00   1924.00     0.00   0.00    0.88   113.18  338.00  57404.00   112.00  24.89   36.20   169.83    0.00      0.00     0.00   0.00    0.00     0.00   62.00    0.05   12.25  18.30


avg-cpu:  %user   %nice %system %iowait  %steal   %idle
           1.06    0.00   17.02   51.60    0.00   30.32

Device            r/s     rkB/s   rrqm/s  %rrqm r_await rareq-sz     w/s     wkB/s   wrqm/s  %wrqm w_await wareq-sz     d/s     dkB/s   drqm/s  %drqm d_await dareq-sz     f/s f_await  aqu-sz  %util
dm-0             0.00      0.00     0.00   0.00    0.00     0.00    0.00      0.00     0.00   0.00    0.00     0.00    0.00      0.00     0.00   0.00    0.00     0.00    0.00    0.00    0.00   0.00
loop0          734.00  91892.00     0.00   0.00    0.77   125.19  704.00  91964.00   484.00  40.74    0.82   130.63    0.00      0.00     0.00   0.00    0.00     0.00    0.00    0.00    1.14  35.80
sda            741.00  92124.00     0.00   0.00    0.80   124.32  309.00  42888.00    65.00  17.38    8.12   138.80    0.00      0.00     0.00   0.00    0.00     0.00   36.00    0.06    3.11  32.10


avg-cpu:  %user   %nice %system %iowait  %steal   %idle
           0.52    0.00    1.55   50.00    0.00   47.94

Device            r/s     rkB/s   rrqm/s  %rrqm r_await rareq-sz     w/s     wkB/s   wrqm/s  %wrqm w_await wareq-sz     d/s     dkB/s   drqm/s  %drqm d_await dareq-sz     f/s f_await  aqu-sz  %util
dm-0             0.00      0.00     0.00   0.00    0.00     0.00    0.00      0.00     0.00   0.00    0.00     0.00    0.00      0.00     0.00   0.00    0.00     0.00    0.00    0.00    0.00   0.00
loop0           20.00   2560.00     0.00   0.00    0.20   128.00  508.00   2544.00     9.00   1.74    0.04     5.01    0.00      0.00     0.00   0.00    0.00     0.00    0.00    0.00    0.02   0.00
sda             20.00   2560.00     0.00   0.00    0.95   128.00   45.00    456.00    54.00  54.55    0.36    10.13    0.00      0.00     0.00   0.00    0.00     0.00   30.00    0.03    0.04   3.40


avg-cpu:  %user   %nice %system %iowait  %steal   %idle
           2.58    0.00    4.12   47.94    0.00   45.36

Device            r/s     rkB/s   rrqm/s  %rrqm r_await rareq-sz     w/s     wkB/s   wrqm/s  %wrqm w_await wareq-sz     d/s     dkB/s   drqm/s  %drqm d_await dareq-sz     f/s f_await  aqu-sz  %util
dm-0             0.00      0.00     0.00   0.00    0.00     0.00    0.00      0.00     0.00   0.00    0.00     0.00    0.00      0.00     0.00   0.00    0.00     0.00    0.00    0.00    0.00   0.00
loop0           16.00   2048.00     0.00   0.00    0.12   128.00  497.00   1992.00     1.00   0.20    0.04     4.01    0.00      0.00     0.00   0.00    0.00     0.00    0.00    0.00    0.02   0.10
sda             16.00   2048.00     0.00   0.00    0.94   128.00   58.00    448.00    46.00  44.23    0.43     7.72    0.00      0.00     0.00   0.00    0.00     0.00   26.00    0.08    0.04   2.50


avg-cpu:  %user   %nice %system %iowait  %steal   %idle
          42.56    0.00   12.31   41.54    0.00    3.59

Device            r/s     rkB/s   rrqm/s  %rrqm r_await rareq-sz     w/s     wkB/s   wrqm/s  %wrqm w_await wareq-sz     d/s     dkB/s   drqm/s  %drqm d_await dareq-sz     f/s f_await  aqu-sz  %util
dm-0             0.00      0.00     0.00   0.00    0.00     0.00    0.00      0.00     0.00   0.00    0.00     0.00    0.00      0.00     0.00   0.00    0.00     0.00    0.00    0.00    0.00   0.00
loop0           14.00   1792.00     0.00   0.00    0.29   128.00  478.00   1916.00     1.00   0.21    0.04     4.01    0.00      0.00     0.00   0.00    0.00     0.00    0.00    0.00    0.02   0.30
sda             15.00   1692.00     0.00   0.00    0.93   112.80   60.00    352.00    28.00  31.82    0.47     5.87    0.00      0.00     0.00   0.00    0.00     0.00   14.00    0.00    0.04   2.00


avg-cpu:  %user   %nice %system %iowait  %steal   %idle
          16.15    0.00   35.94   29.17    0.00   18.75

Device            r/s     rkB/s   rrqm/s  %rrqm r_await rareq-sz     w/s     wkB/s   wrqm/s  %wrqm w_await wareq-sz     d/s     dkB/s   drqm/s  %drqm d_await dareq-sz     f/s f_await  aqu-sz  %util
dm-0             0.00      0.00     0.00   0.00    0.00     0.00    0.00      0.00     0.00   0.00    0.00     0.00    0.00      0.00     0.00   0.00    0.00     0.00    0.00    0.00    0.00   0.00
loop0          592.00  73844.00     0.00   0.00    1.20   124.74  540.00  73904.00   278.00  33.99    5.13   136.86    0.00      0.00     0.00   0.00    0.00     0.00    2.00   80.50    3.64  56.20
sda            610.00  74308.00     0.00   0.00    0.80   121.82  488.00  88080.00   127.00  20.65   26.52   180.49    0.00      0.00     0.00   0.00    0.00     0.00   64.00    0.05   13.43  41.40


avg-cpu:  %user   %nice %system %iowait  %steal   %idle
           0.52    0.00    1.05   51.83    0.00   46.60

Device            r/s     rkB/s   rrqm/s  %rrqm r_await rareq-sz     w/s     wkB/s   wrqm/s  %wrqm w_await wareq-sz     d/s     dkB/s   drqm/s  %drqm d_await dareq-sz     f/s f_await  aqu-sz  %util
dm-0             0.00      0.00     0.00   0.00    0.00     0.00    0.00      0.00     0.00   0.00    0.00     0.00    0.00      0.00     0.00   0.00    0.00     0.00    0.00    0.00    0.00   0.00
loop0           72.00   9216.00     0.00   0.00    0.18   128.00  599.00   9268.00   220.00  26.86    0.07    15.47    0.00      0.00     0.00   0.00    0.00     0.00    0.00    0.00    0.05   0.00
sda             73.00   9344.00     0.00   0.00    1.00   128.00   48.00    364.00    36.00  42.86    0.42     7.58    0.00      0.00     0.00   0.00    0.00     0.00   20.00    0.05    0.09   8.00


avg-cpu:  %user   %nice %system %iowait  %steal   %idle
           1.03    0.00    2.06   54.12    0.00   42.78

Device            r/s     rkB/s   rrqm/s  %rrqm r_await rareq-sz     w/s     wkB/s   wrqm/s  %wrqm w_await wareq-sz     d/s     dkB/s   drqm/s  %drqm d_await dareq-sz     f/s f_await  aqu-sz  %util
dm-0             0.00      0.00     0.00   0.00    0.00     0.00    0.00      0.00     0.00   0.00    0.00     0.00    0.00      0.00     0.00   0.00    0.00     0.00    0.00    0.00    0.00   0.00
loop0           16.00   2048.00     0.00   0.00    0.12   128.00  502.00   2008.00     0.00   0.00    0.04     4.00    0.00      0.00     0.00   0.00    0.00     0.00    0.00    0.00    0.02   0.00
sda             16.00   2048.00     0.00   0.00    1.06   128.00   78.00    480.00    42.00  35.00    0.44     6.15    0.00      0.00     0.00   0.00    0.00     0.00   24.00    0.04    0.05   2.40


avg-cpu:  %user   %nice %system %iowait  %steal   %idle
           0.52    0.00    1.55   55.44    0.00   42.49

Device            r/s     rkB/s   rrqm/s  %rrqm r_await rareq-sz     w/s     wkB/s   wrqm/s  %wrqm w_await wareq-sz     d/s     dkB/s   drqm/s  %drqm d_await dareq-sz     f/s f_await  aqu-sz  %util
dm-0             0.00      0.00     0.00   0.00    0.00     0.00    0.00      0.00     0.00   0.00    0.00     0.00    0.00      0.00     0.00   0.00    0.00     0.00    0.00    0.00    0.00   0.00
loop0           15.00   1920.00     0.00   0.00    0.20   128.00  501.00   2004.00     0.00   0.00    0.04     4.00    0.00      0.00     0.00   0.00    0.00     0.00    0.00    0.00    0.02   0.00
sda             15.00   1920.00     0.00   0.00    0.93   128.00  149.00    924.00    82.00  35.50    0.43     6.20    0.00      0.00     0.00   0.00    0.00     0.00   46.00    0.07    0.08   3.00


avg-cpu:  %user   %nice %system %iowait  %steal   %idle
           0.51    0.00    1.54   53.85    0.00   44.10

Device            r/s     rkB/s   rrqm/s  %rrqm r_await rareq-sz     w/s     wkB/s   wrqm/s  %wrqm w_await wareq-sz     d/s     dkB/s   drqm/s  %drqm d_await dareq-sz     f/s f_await  aqu-sz  %util
dm-0             0.00      0.00     0.00   0.00    0.00     0.00    0.00      0.00     0.00   0.00    0.00     0.00    0.00      0.00     0.00   0.00    0.00     0.00    0.00    0.00    0.00   0.00
loop0           16.00   2048.00     0.00   0.00    0.19   128.00  500.00   2000.00     0.00   0.00    0.04     4.00    0.00      0.00     0.00   0.00    0.00     0.00    0.00    0.00    0.02   0.00
sda             16.00   2048.00     0.00   0.00    1.06   128.00  105.00    640.00    55.00  34.38    0.42     6.10    0.00      0.00     0.00   0.00    0.00     0.00   30.00    0.03    0.06   2.40


avg-cpu:  %user   %nice %system %iowait  %steal   %idle
           0.00    0.00    2.63   57.37    0.00   40.00

Device            r/s     rkB/s   rrqm/s  %rrqm r_await rareq-sz     w/s     wkB/s   wrqm/s  %wrqm w_await wareq-sz     d/s     dkB/s   drqm/s  %drqm d_await dareq-sz     f/s f_await  aqu-sz  %util
dm-0             0.00      0.00     0.00   0.00    0.00     0.00    0.00      0.00     0.00   0.00    0.00     0.00    0.00      0.00     0.00   0.00    0.00     0.00    0.00    0.00    0.00   0.00
loop0           15.00   1920.00     0.00   0.00    0.13   128.00  517.00   2200.00    33.00   6.00    0.93     4.26    0.00      0.00     0.00   0.00    0.00     0.00    2.00   84.00    0.65  16.80
sda             15.00   1920.00     0.00   0.00    1.00   128.00  363.00  61472.00   116.00  24.22   37.65   169.34    0.00      0.00     0.00   0.00    0.00     0.00   66.00    0.05   13.69  19.10


avg-cpu:  %user   %nice %system %iowait  %steal   %idle
           1.03    0.00   23.59   51.79    0.00   23.59

Device            r/s     rkB/s   rrqm/s  %rrqm r_await rareq-sz     w/s     wkB/s   wrqm/s  %wrqm w_await wareq-sz     d/s     dkB/s   drqm/s  %drqm d_await dareq-sz     f/s f_await  aqu-sz  %util
dm-0             0.00      0.00     0.00   0.00    0.00     0.00    0.00      0.00     0.00   0.00    0.00     0.00    0.00      0.00     0.00   0.00    0.00     0.00    0.00    0.00    0.00   0.00
loop0          905.00 113424.00     0.00   0.00    0.89   125.33  545.00 113396.00   263.00  32.55    1.69   208.07    0.00      0.00     0.00   0.00    0.00     0.00    1.00   81.00    1.81  50.80
sda            939.00 114256.00     0.00   0.00    0.77   121.68  407.00  76700.00    75.00  15.56   17.93   188.45    0.00      0.00     0.00   0.00    0.00     0.00   36.00    0.06    8.02  33.60


avg-cpu:  %user   %nice %system %iowait  %steal   %idle
           0.53    0.00    1.60   50.00    0.00   47.87

Device            r/s     rkB/s   rrqm/s  %rrqm r_await rareq-sz     w/s     wkB/s   wrqm/s  %wrqm w_await wareq-sz     d/s     dkB/s   drqm/s  %drqm d_await dareq-sz     f/s f_await  aqu-sz  %util
dm-0             0.00      0.00     0.00   0.00    0.00     0.00    0.00      0.00     0.00   0.00    0.00     0.00    0.00      0.00     0.00   0.00    0.00     0.00    0.00    0.00    0.00   0.00
loop0          112.00  13724.00     0.00   0.00    0.20   122.54  677.00  13828.00   329.00  32.70    0.07    20.43    0.00      0.00     0.00   0.00    0.00     0.00    0.00    0.00    0.07   0.60
sda            114.00  13784.00     0.00   0.00    0.89   120.91   51.00    488.00    56.00  52.34    0.35     9.57    0.00      0.00     0.00   0.00    0.00     0.00   36.00    0.03    0.12  10.40


avg-cpu:  %user   %nice %system %iowait  %steal   %idle
           1.03    0.00    1.55   51.03    0.00   46.39

Device            r/s     rkB/s   rrqm/s  %rrqm r_await rareq-sz     w/s     wkB/s   wrqm/s  %wrqm w_await wareq-sz     d/s     dkB/s   drqm/s  %drqm d_await dareq-sz     f/s f_await  aqu-sz  %util
dm-0             0.00      0.00     0.00   0.00    0.00     0.00    0.00      0.00     0.00   0.00    0.00     0.00    0.00      0.00     0.00   0.00    0.00     0.00    0.00    0.00    0.00   0.00
loop0           16.00   2048.00     0.00   0.00    0.19   128.00  502.00   2008.00     0.00   0.00    0.04     4.00    0.00      0.00     0.00   0.00    0.00     0.00    0.00    0.00    0.02   0.00
sda             16.00   2048.00     0.00   0.00    1.06   128.00   61.00    472.00    48.00  44.04    0.38     7.74    0.00      0.00     0.00   0.00    0.00     0.00   29.00    0.03    0.04   2.70


avg-cpu:  %user   %nice %system %iowait  %steal   %idle
           0.52    0.00    1.04   53.65    0.00   44.79

Device            r/s     rkB/s   rrqm/s  %rrqm r_await rareq-sz     w/s     wkB/s   wrqm/s  %wrqm w_await wareq-sz     d/s     dkB/s   drqm/s  %drqm d_await dareq-sz     f/s f_await  aqu-sz  %util
dm-0             0.00      0.00     0.00   0.00    0.00     0.00    0.00      0.00     0.00   0.00    0.00     0.00    0.00      0.00     0.00   0.00    0.00     0.00    0.00    0.00    0.00   0.00
loop0           17.00   1932.00     0.00   0.00    0.18   113.65  498.00   1996.00     1.00   0.20    0.04     4.01    0.00      0.00     0.00   0.00    0.00     0.00    0.00    0.00    0.02   0.00
sda             14.00   1676.00     0.00   0.00    1.07   119.71   54.00    324.00    27.00  33.33    0.43     6.00    0.00      0.00     0.00   0.00    0.00     0.00   14.00    0.07    0.04   1.70


avg-cpu:  %user   %nice %system %iowait  %steal   %idle
          10.36    0.00   25.39   48.19    0.00   16.06

Device            r/s     rkB/s   rrqm/s  %rrqm r_await rareq-sz     w/s     wkB/s   wrqm/s  %wrqm w_await wareq-sz     d/s     dkB/s   drqm/s  %drqm d_await dareq-sz     f/s f_await  aqu-sz  %util
dm-0             0.00      0.00     0.00   0.00    0.00     0.00    0.00      0.00     0.00   0.00    0.00     0.00    0.00      0.00     0.00   0.00    0.00     0.00    0.00    0.00    0.00   0.00
loop0          562.00  71220.00     0.00   0.00    1.03   126.73  574.00  71384.00   196.00  25.45    8.13   124.36    0.00      0.00     0.00   0.00    0.00     0.00    2.00   78.50    5.40  46.20
sda            568.00  71208.00     0.00   0.00    0.78   125.37  505.00  86972.00   127.00  20.09   28.94   172.22    0.00      0.00     0.00   0.00    0.00     0.00   68.00    0.09   15.07  38.80


avg-cpu:  %user   %nice %system %iowait  %steal   %idle
          43.81    0.00   12.37   41.75    0.00    2.06

Device            r/s     rkB/s   rrqm/s  %rrqm r_await rareq-sz     w/s     wkB/s   wrqm/s  %wrqm w_await wareq-sz     d/s     dkB/s   drqm/s  %drqm d_await dareq-sz     f/s f_await  aqu-sz  %util
dm-0             0.00      0.00     0.00   0.00    0.00     0.00    0.00      0.00     0.00   0.00    0.00     0.00    0.00      0.00     0.00   0.00    0.00     0.00    0.00    0.00    0.00   0.00
loop0           93.00  11176.00     0.00   0.00    0.26   120.17  512.00  11324.00    10.00   1.92    0.08    22.12    0.00      0.00     0.00   0.00    0.00     0.00    0.00    0.00    0.06   1.40
sda             97.00  11504.00     0.00   0.00    0.81   118.60   45.00    352.00    36.00  44.44    0.38     7.82    0.00      0.00     0.00   0.00    0.00     0.00   20.00    0.05    0.10   8.40


avg-cpu:  %user   %nice %system %iowait  %steal   %idle
           6.22    0.00   11.40   46.63    0.00   35.75

Device            r/s     rkB/s   rrqm/s  %rrqm r_await rareq-sz     w/s     wkB/s   wrqm/s  %wrqm w_await wareq-sz     d/s     dkB/s   drqm/s  %drqm d_await dareq-sz     f/s f_await  aqu-sz  %util
dm-0             0.00      0.00     0.00   0.00    0.00     0.00    0.00      0.00     0.00   0.00    0.00     0.00    0.00      0.00     0.00   0.00    0.00     0.00    0.00    0.00    0.00   0.00
loop0           16.00   2048.00     0.00   0.00    0.19   128.00  485.00   1948.00     2.00   0.41    0.04     4.02    0.00      0.00     0.00   0.00    0.00     0.00    0.00    0.00    0.02   0.10
sda             16.00   2048.00     0.00   0.00    0.94   128.00   75.00    460.00    40.00  34.78    0.39     6.13    0.00      0.00     0.00   0.00    0.00     0.00   20.00    0.05    0.04   2.10


avg-cpu:  %user   %nice %system %iowait  %steal   %idle
           0.52    0.00    1.04   58.55    0.00   39.90

Device            r/s     rkB/s   rrqm/s  %rrqm r_await rareq-sz     w/s     wkB/s   wrqm/s  %wrqm w_await wareq-sz     d/s     dkB/s   drqm/s  %drqm d_await dareq-sz     f/s f_await  aqu-sz  %util
dm-0             0.00      0.00     0.00   0.00    0.00     0.00    0.00      0.00     0.00   0.00    0.00     0.00    0.00      0.00     0.00   0.00    0.00     0.00    0.00    0.00    0.00   0.00
loop0           15.00   1920.00     0.00   0.00    0.20   128.00  498.00   1992.00     0.00   0.00    0.04     4.00    0.00      0.00     0.00   0.00    0.00     0.00    0.00    0.00    0.02   0.00
sda             15.00   1920.00     0.00   0.00    0.93   128.00  139.00    872.00    79.00  36.24    0.40     6.27    0.00      0.00     0.00   0.00    0.00     0.00   39.00    0.05    0.07   2.70


avg-cpu:  %user   %nice %system %iowait  %steal   %idle
           0.52    0.00    1.55   54.40    0.00   43.52

Device            r/s     rkB/s   rrqm/s  %rrqm r_await rareq-sz     w/s     wkB/s   wrqm/s  %wrqm w_await wareq-sz     d/s     dkB/s   drqm/s  %drqm d_await dareq-sz     f/s f_await  aqu-sz  %util
dm-0             0.00      0.00     0.00   0.00    0.00     0.00    0.00      0.00     0.00   0.00    0.00     0.00    0.00      0.00     0.00   0.00    0.00     0.00    0.00    0.00    0.00   0.00
loop0           16.00   2048.00     0.00   0.00    0.19   128.00  501.00   2004.00     0.00   0.00    0.04     4.00    0.00      0.00     0.00   0.00    0.00     0.00    0.00    0.00    0.02   0.00
sda             16.00   2048.00     0.00   0.00    1.06   128.00  109.00    656.00    55.00  33.54    0.38     6.02    0.00      0.00     0.00   0.00    0.00     0.00   29.00    0.03    0.06   2.30


avg-cpu:  %user   %nice %system %iowait  %steal   %idle
           0.52    0.00    3.11   55.44    0.00   40.93

Device            r/s     rkB/s   rrqm/s  %rrqm r_await rareq-sz     w/s     wkB/s   wrqm/s  %wrqm w_await wareq-sz     d/s     dkB/s   drqm/s  %drqm d_await dareq-sz     f/s f_await  aqu-sz  %util
dm-0             0.00      0.00     0.00   0.00    0.00     0.00    0.00      0.00     0.00   0.00    0.00     0.00    0.00      0.00     0.00   0.00    0.00     0.00    0.00    0.00    0.00   0.00
loop0           17.00   1932.00     0.00   0.00    1.06   113.65  517.00   2192.00    31.00   5.66    1.71     4.24    0.00      0.00     0.00   0.00    0.00     0.00    2.00   81.50    1.06  16.20
sda             15.00   1920.00     0.00   0.00    1.07   128.00  375.00  60928.00   120.00  24.24   29.14   162.47    0.00      0.00     0.00   0.00    0.00     0.00   67.00    0.06   10.95  18.80


avg-cpu:  %user   %nice %system %iowait  %steal   %idle
           1.03    0.00   18.46   50.77    0.00   29.74

Device            r/s     rkB/s   rrqm/s  %rrqm r_await rareq-sz     w/s     wkB/s   wrqm/s  %wrqm w_await wareq-sz     d/s     dkB/s   drqm/s  %drqm d_await dareq-sz     f/s f_await  aqu-sz  %util
dm-0             0.00      0.00     0.00   0.00    0.00     0.00    0.00      0.00     0.00   0.00    0.00     0.00    0.00      0.00     0.00   0.00    0.00     0.00    0.00    0.00    0.00   0.00
loop0          699.00  87904.00     0.00   0.00    0.88   125.76  520.00  87876.00    52.00   9.09    0.92   168.99    0.00      0.00     0.00   0.00    0.00     0.00    0.00    0.00    1.09  38.00
sda            706.00  88024.00     0.00   0.00    0.78   124.68  308.00  51112.00    70.00  18.52    9.67   165.95    0.00      0.00     0.00   0.00    0.00     0.00   34.00    0.03    3.53  27.10


avg-cpu:  %user   %nice %system %iowait  %steal   %idle
           0.00    0.00    1.60   50.00    0.00   48.40

Device            r/s     rkB/s   rrqm/s  %rrqm r_await rareq-sz     w/s     wkB/s   wrqm/s  %wrqm w_await wareq-sz     d/s     dkB/s   drqm/s  %drqm d_await dareq-sz     f/s f_await  aqu-sz  %util
dm-0             0.00      0.00     0.00   0.00    0.00     0.00    0.00      0.00     0.00   0.00    0.00     0.00    0.00      0.00     0.00   0.00    0.00     0.00    0.00    0.00    0.00   0.00
loop0          110.00  13592.00     0.00   0.00    0.19   123.56  655.00  13656.00   390.00  37.32    0.07    20.85    0.00      0.00     0.00   0.00    0.00     0.00    0.00    0.00    0.07   0.60
sda            114.00  13688.00     0.00   0.00    0.82   120.07   49.00    480.00    56.00  53.33    0.35     9.80    0.00      0.00     0.00   0.00    0.00     0.00   34.00    0.06    0.11   8.90


avg-cpu:  %user   %nice %system %iowait  %steal   %idle
           0.52    0.00    1.04   50.78    0.00   47.67

Device            r/s     rkB/s   rrqm/s  %rrqm r_await rareq-sz     w/s     wkB/s   wrqm/s  %wrqm w_await wareq-sz     d/s     dkB/s   drqm/s  %drqm d_await dareq-sz     f/s f_await  aqu-sz  %util
dm-0             0.00      0.00     0.00   0.00    0.00     0.00    0.00      0.00     0.00   0.00    0.00     0.00    0.00      0.00     0.00   0.00    0.00     0.00    0.00    0.00    0.00   0.00
loop0           16.00   2048.00     0.00   0.00    0.19   128.00  500.00   2000.00     0.00   0.00    0.04     4.00    0.00      0.00     0.00   0.00    0.00     0.00    0.00    0.00    0.02   0.00
sda             16.00   2048.00     0.00   0.00    0.88   128.00   55.00    452.00    47.00  46.08    0.40     8.22    0.00      0.00     0.00   0.00    0.00     0.00   26.00    0.04    0.04   2.70


avg-cpu:  %user   %nice %system %iowait  %steal   %idle
           0.51    0.00    1.02   52.55    0.00   45.92

Device            r/s     rkB/s   rrqm/s  %rrqm r_await rareq-sz     w/s     wkB/s   wrqm/s  %wrqm w_await wareq-sz     d/s     dkB/s   drqm/s  %drqm d_await dareq-sz     f/s f_await  aqu-sz  %util
dm-0             0.00      0.00     0.00   0.00    0.00     0.00    0.00      0.00     0.00   0.00    0.00     0.00    0.00      0.00     0.00   0.00    0.00     0.00    0.00    0.00    0.00   0.00
loop0           15.00   1920.00     0.00   0.00    0.13   128.00  502.00   2008.00     0.00   0.00    0.04     4.00    0.00      0.00     0.00   0.00    0.00     0.00    0.00    0.00    0.02   0.00
sda             15.00   1920.00     0.00   0.00    1.07   128.00   53.00    324.00    28.00  34.57    0.42     6.11    0.00      0.00     0.00   0.00    0.00     0.00   16.00    0.06    0.04   2.20


avg-cpu:  %user   %nice %system %iowait  %steal   %idle
           1.59    0.00   13.23   58.20    0.00   26.98

Device            r/s     rkB/s   rrqm/s  %rrqm r_await rareq-sz     w/s     wkB/s   wrqm/s  %wrqm w_await wareq-sz     d/s     dkB/s   drqm/s  %drqm d_await dareq-sz     f/s f_await  aqu-sz  %util
dm-0             0.00      0.00     0.00   0.00    0.00     0.00    0.00      0.00     0.00   0.00    0.00     0.00    0.00      0.00     0.00   0.00    0.00     0.00    0.00    0.00    0.00   0.00
loop0          548.00  68936.00     0.00   0.00    1.02   125.80  549.00  69164.00   248.00  31.12    3.55   125.98    0.00      0.00     0.00   0.00    0.00     0.00    2.00   76.50    2.66  44.70
sda            543.00  68756.00     0.00   0.00    0.79   126.62  520.00  87000.00   125.00  19.38   20.55   167.31    0.00      0.00     0.00   0.00    0.00     0.00   65.00    0.05   11.12  38.20


avg-cpu:  %user   %nice %system %iowait  %steal   %idle
           0.53    0.00    2.12   51.85    0.00   45.50

Device            r/s     rkB/s   rrqm/s  %rrqm r_await rareq-sz     w/s     wkB/s   wrqm/s  %wrqm w_await wareq-sz     d/s     dkB/s   drqm/s  %drqm d_await dareq-sz     f/s f_await  aqu-sz  %util
dm-0             0.00      0.00     0.00   0.00    0.00     0.00    0.00      0.00     0.00   0.00    0.00     0.00    0.00      0.00     0.00   0.00    0.00     0.00    0.00    0.00    0.00   0.00
loop0          107.00  13212.00     0.00   0.00    0.21   123.48  654.00  13320.00   284.00  30.28    0.08    20.37    0.00      0.00     0.00   0.00    0.00     0.00    0.00    0.00    0.07   0.60
sda            107.00  13184.00     0.00   0.00    0.97   123.21   49.00    376.00    37.00  43.02    0.41     7.67    0.00      0.00     0.00   0.00    0.00     0.00   22.00    0.05    0.12  10.50


avg-cpu:  %user   %nice %system %iowait  %steal   %idle
          26.67    0.00   17.95   41.54    0.00   13.85

Device            r/s     rkB/s   rrqm/s  %rrqm r_await rareq-sz     w/s     wkB/s   wrqm/s  %wrqm w_await wareq-sz     d/s     dkB/s   drqm/s  %drqm d_await dareq-sz     f/s f_await  aqu-sz  %util
dm-0             0.00      0.00     0.00   0.00    0.00     0.00    0.00      0.00     0.00   0.00    0.00     0.00    0.00      0.00     0.00   0.00    0.00     0.00    0.00    0.00    0.00   0.00
loop0           17.00   1932.00     0.00   0.00    0.59   113.65  472.00   1896.00     1.00   0.21    0.04     4.02    0.00      0.00     0.00   0.00    0.00     0.00    0.00    0.00    0.03   0.70
sda             21.00   2168.00     0.00   0.00    0.95   103.24  256.00   1192.00    42.00  14.09    0.43     4.66    0.00      0.00     0.00   0.00    0.00     0.00   20.00    0.05    0.13   2.20


avg-cpu:  %user   %nice %system %iowait  %steal   %idle
          32.99    0.00   17.53   46.39    0.00    3.09

Device            r/s     rkB/s   rrqm/s  %rrqm r_await rareq-sz     w/s     wkB/s   wrqm/s  %wrqm w_await wareq-sz     d/s     dkB/s   drqm/s  %drqm d_await dareq-sz     f/s f_await  aqu-sz  %util
dm-0             0.00      0.00     0.00   0.00    0.00     0.00    0.00      0.00     0.00   0.00    0.00     0.00    0.00      0.00     0.00   0.00    0.00     0.00    0.00    0.00    0.00   0.00
loop0           15.00   1920.00     0.00   0.00    0.27   128.00  472.00   1892.00     1.00   0.21    0.03     4.01    0.00      0.00     0.00   0.00    0.00     0.00    0.00    0.00    0.02   0.40
sda             15.00   1920.00     0.00   0.00    1.00   128.00  187.00   1040.00    73.00  28.08    0.42     5.56    0.00      0.00     0.00   0.00    0.00     0.00   36.00    0.06    0.10   3.10


avg-cpu:  %user   %nice %system %iowait  %steal   %idle
           1.04    0.00    1.55   81.87    0.00   15.54

Device            r/s     rkB/s   rrqm/s  %rrqm r_await rareq-sz     w/s     wkB/s   wrqm/s  %wrqm w_await wareq-sz     d/s     dkB/s   drqm/s  %drqm d_await dareq-sz     f/s f_await  aqu-sz  %util
dm-0             0.00      0.00     0.00   0.00    0.00     0.00    0.00      0.00     0.00   0.00    0.00     0.00    0.00      0.00     0.00   0.00    0.00     0.00    0.00    0.00    0.00   0.00
loop0           15.00   1920.00     0.00   0.00    0.20   128.00  498.00   1992.00     0.00   0.00    0.04     4.00    0.00      0.00     0.00   0.00    0.00     0.00    0.00    0.00    0.02   0.10
sda             15.00   1920.00     0.00   0.00    1.13   128.00  299.00   1504.00    77.00  20.48    0.44     5.03    0.00      0.00     0.00   0.00    0.00     0.00   38.00    0.05    0.15   2.80


avg-cpu:  %user   %nice %system %iowait  %steal   %idle
           0.52    0.00    2.59   56.48    0.00   40.41

Device            r/s     rkB/s   rrqm/s  %rrqm r_await rareq-sz     w/s     wkB/s   wrqm/s  %wrqm w_await wareq-sz     d/s     dkB/s   drqm/s  %drqm d_await dareq-sz     f/s f_await  aqu-sz  %util
dm-0             0.00      0.00     0.00   0.00    0.00     0.00    0.00      0.00     0.00   0.00    0.00     0.00    0.00      0.00     0.00   0.00    0.00     0.00    0.00    0.00    0.00   0.00
loop0           16.00   2048.00     0.00   0.00    1.19   128.00  516.00   2220.00    39.00   7.03    0.98     4.30    0.00      0.00     0.00   0.00    0.00     0.00    2.00   82.50    0.69  16.60
sda             17.00   2052.00     0.00   0.00    1.94   120.71  386.00  60564.00   117.00  23.26   37.69   156.90    0.00      0.00     0.00   0.00    0.00     0.00   68.00    0.04   14.59  19.10


avg-cpu:  %user   %nice %system %iowait  %steal   %idle
           0.52    0.00    9.38   51.56    0.00   38.54

Device            r/s     rkB/s   rrqm/s  %rrqm r_await rareq-sz     w/s     wkB/s   wrqm/s  %wrqm w_await wareq-sz     d/s     dkB/s   drqm/s  %drqm d_await dareq-sz     f/s f_await  aqu-sz  %util
dm-0             0.00      0.00     0.00   0.00    0.00     0.00    0.00      0.00     0.00   0.00    0.00     0.00    0.00      0.00     0.00   0.00    0.00     0.00    0.00    0.00    0.00   0.00
loop0          350.00  43828.00     0.00   0.00    0.94   125.22  511.00  40152.00   117.00  18.63    0.61    78.58    0.00      0.00     0.00   0.00    0.00     0.00    0.00    0.00    0.64  20.00
sda            345.00  43440.00     0.00   0.00    0.76   125.91  115.00  21772.00    20.00  14.81    6.90   189.32    0.00      0.00     0.00   0.00    0.00     0.00    3.00    0.00    1.06  14.10


avg-cpu:  %user   %nice %system %iowait  %steal   %idle
           1.05    0.00    7.37   50.00    0.00   41.58

Device            r/s     rkB/s   rrqm/s  %rrqm r_await rareq-sz     w/s     wkB/s   wrqm/s  %wrqm w_await wareq-sz     d/s     dkB/s   drqm/s  %drqm d_await dareq-sz     f/s f_await  aqu-sz  %util
dm-0             0.00      0.00     0.00   0.00    0.00     0.00    0.00      0.00     0.00   0.00    0.00     0.00    0.00      0.00     0.00   0.00    0.00     0.00    0.00    0.00    0.00   0.00
loop0          315.00  39480.00     0.00   0.00    0.65   125.33  703.00  43356.00   520.00  42.52    0.36    61.67    0.00      0.00     0.00   0.00    0.00     0.00    0.00    0.00    0.46  12.00
sda            320.00  39916.00     0.00   0.00    0.84   124.74  148.00  12036.00   109.00  42.41    4.03    81.32    0.00      0.00     0.00   0.00    0.00     0.00   67.00    0.06    0.87  20.00


avg-cpu:  %user   %nice %system %iowait  %steal   %idle
           0.52    0.00    1.03   52.06    0.00   46.39

Device            r/s     rkB/s   rrqm/s  %rrqm r_await rareq-sz     w/s     wkB/s   wrqm/s  %wrqm w_await wareq-sz     d/s     dkB/s   drqm/s  %drqm d_await dareq-sz     f/s f_await  aqu-sz  %util
dm-0             0.00      0.00     0.00   0.00    0.00     0.00    0.00      0.00     0.00   0.00    0.00     0.00    0.00      0.00     0.00   0.00    0.00     0.00    0.00    0.00    0.00   0.00
loop0           16.00   2048.00     0.00   0.00    0.31   128.00  500.00   2000.00     0.00   0.00    0.04     4.00    0.00      0.00     0.00   0.00    0.00     0.00    0.00    0.00    0.03   0.20
sda             21.00   2292.00     0.00   0.00    0.81   109.14   47.00    424.00    47.00  50.00    0.38     9.02    0.00      0.00     0.00   0.00    0.00     0.00   26.00    0.04    0.04   2.60


avg-cpu:  %user   %nice %system %iowait  %steal   %idle
           0.52    0.00    1.55   51.55    0.00   46.39

Device            r/s     rkB/s   rrqm/s  %rrqm r_await rareq-sz     w/s     wkB/s   wrqm/s  %wrqm w_await wareq-sz     d/s     dkB/s   drqm/s  %drqm d_await dareq-sz     f/s f_await  aqu-sz  %util
dm-0             0.00      0.00     0.00   0.00    0.00     0.00    0.00      0.00     0.00   0.00    0.00     0.00    0.00      0.00     0.00   0.00    0.00     0.00    0.00    0.00    0.00   0.00
loop0           15.00   1920.00     0.00   0.00    0.20   128.00  499.00   2000.00     1.00   0.20    0.04     4.01    0.00      0.00     0.00   0.00    0.00     0.00    0.00    0.00    0.02   0.00
sda             15.00   1920.00     0.00   0.00    0.87   128.00   74.00    456.00    40.00  35.09    0.42     6.16    0.00      0.00     0.00   0.00    0.00     0.00   24.00    0.04    0.04   2.00


avg-cpu:  %user   %nice %system %iowait  %steal   %idle
           1.03    0.00    8.25   56.70    0.00   34.02

Device            r/s     rkB/s   rrqm/s  %rrqm r_await rareq-sz     w/s     wkB/s   wrqm/s  %wrqm w_await wareq-sz     d/s     dkB/s   drqm/s  %drqm d_await dareq-sz     f/s f_await  aqu-sz  %util
dm-0             0.00      0.00     0.00   0.00    0.00     0.00    0.00      0.00     0.00   0.00    0.00     0.00    0.00      0.00     0.00   0.00    0.00     0.00    0.00    0.00    0.00   0.00
loop0          250.00  30784.00     0.00   0.00    0.91   123.14  494.00  30760.00    72.00  12.72    5.95    62.27    0.00      0.00     0.00   0.00    0.00     0.00    2.00   75.00    3.31  28.00
sda            255.00  30236.00     0.00   0.00    0.71   118.57  381.00  57796.00    95.00  19.96   25.34   151.70    0.00      0.00     0.00   0.00    0.00     0.00   56.00    0.09    9.84  24.30


avg-cpu:  %user   %nice %system %iowait  %steal   %idle
           0.53    0.00   11.76   52.94    0.00   34.76

Device            r/s     rkB/s   rrqm/s  %rrqm r_await rareq-sz     w/s     wkB/s   wrqm/s  %wrqm w_await wareq-sz     d/s     dkB/s   drqm/s  %drqm d_await dareq-sz     f/s f_await  aqu-sz  %util
dm-0             0.00      0.00     0.00   0.00    0.00     0.00    0.00      0.00     0.00   0.00    0.00     0.00    0.00      0.00     0.00   0.00    0.00     0.00    0.00    0.00    0.00   0.00
loop0          515.00  65076.00     0.00   0.00    0.72   126.36  700.00  65280.00   396.00  36.13    0.50    93.26    0.00      0.00     0.00   0.00    0.00     0.00    0.00    0.00    0.72  22.80
sda            526.00  65476.00     0.00   0.00    0.77   124.48  275.00  43308.00    59.00  17.66    9.02   157.48    0.00      0.00     0.00   0.00    0.00     0.00   26.00    0.04    2.89  26.30


avg-cpu:  %user   %nice %system %iowait  %steal   %idle
           1.03    0.00    1.55   52.58    0.00   44.85

Device            r/s     rkB/s   rrqm/s  %rrqm r_await rareq-sz     w/s     wkB/s   wrqm/s  %wrqm w_await wareq-sz     d/s     dkB/s   drqm/s  %drqm d_await dareq-sz     f/s f_await  aqu-sz  %util
dm-0             0.00      0.00     0.00   0.00    0.00     0.00    0.00      0.00     0.00   0.00    0.00     0.00    0.00      0.00     0.00   0.00    0.00     0.00    0.00    0.00    0.00   0.00
loop0           15.00   1920.00     0.00   0.00    0.20   128.00  498.00   1992.00     0.00   0.00    0.04     4.00    0.00      0.00     0.00   0.00    0.00     0.00    0.00    0.00    0.02   0.00
sda             15.00   1920.00     0.00   0.00    0.93   128.00   50.00    304.00    26.00  34.21    0.44     6.08    0.00      0.00     0.00   0.00    0.00     0.00   12.00    0.08    0.04   1.90


avg-cpu:  %user   %nice %system %iowait  %steal   %idle
           4.12    0.00    4.64   52.58    0.00   38.66

Device            r/s     rkB/s   rrqm/s  %rrqm r_await rareq-sz     w/s     wkB/s   wrqm/s  %wrqm w_await wareq-sz     d/s     dkB/s   drqm/s  %drqm d_await dareq-sz     f/s f_await  aqu-sz  %util
dm-0             0.00      0.00     0.00   0.00    0.00     0.00    0.00      0.00     0.00   0.00    0.00     0.00    0.00      0.00     0.00   0.00    0.00     0.00    0.00    0.00    0.00   0.00
loop0           16.00   2048.00     0.00   0.00    0.12   128.00  496.00   1984.00     0.00   0.00    0.04     4.00    0.00      0.00     0.00   0.00    0.00     0.00    0.00    0.00    0.03   0.00
sda             16.00   2048.00     0.00   0.00    1.06   128.00  123.00    764.00    68.00  35.60    0.42     6.21    0.00      0.00     0.00   0.00    0.00     0.00   36.00    0.03    0.07   2.40


avg-cpu:  %user   %nice %system %iowait  %steal   %idle
          42.35    0.00   12.76   41.84    0.00    3.06

Device            r/s     rkB/s   rrqm/s  %rrqm r_await rareq-sz     w/s     wkB/s   wrqm/s  %wrqm w_await wareq-sz     d/s     dkB/s   drqm/s  %drqm d_await dareq-sz     f/s f_await  aqu-sz  %util
dm-0             0.00      0.00     0.00   0.00    0.00     0.00    0.00      0.00     0.00   0.00    0.00     0.00    0.00      0.00     0.00   0.00    0.00     0.00    0.00    0.00    0.00   0.00
loop0           15.00   1920.00     0.00   0.00    0.27   128.00  476.00   1912.00     2.00   0.42    0.03     4.02    0.00      0.00     0.00   0.00    0.00     0.00    0.00    0.00    0.02   0.20
sda             15.00   1920.00     0.00   0.00    1.07   128.00  153.00    940.00    82.00  34.89    0.39     6.14    0.00      0.00     0.00   0.00    0.00     0.00   46.00    0.07    0.08   3.20


avg-cpu:  %user   %nice %system %iowait  %steal   %idle
          11.79    0.00   19.49   39.49    0.00   29.23

Device            r/s     rkB/s   rrqm/s  %rrqm r_await rareq-sz     w/s     wkB/s   wrqm/s  %wrqm w_await wareq-sz     d/s     dkB/s   drqm/s  %drqm d_await dareq-sz     f/s f_await  aqu-sz  %util
dm-0             0.00      0.00     0.00   0.00    0.00     0.00    0.00      0.00     0.00   0.00    0.00     0.00    0.00      0.00     0.00   0.00    0.00     0.00    0.00    0.00    0.00   0.00
loop0           15.00   1676.00     0.00   0.00    6.60   111.73  469.00   2000.00    30.00   6.01    8.20     4.26    0.00      0.00     0.00   0.00    0.00     0.00    2.00   80.50    4.11  16.60
sda             19.00   1796.00     0.00   0.00    0.84    94.53  345.00  59964.00   109.00  24.01   32.37   173.81    0.00      0.00     0.00   0.00    0.00     0.00   56.00    0.07   11.19  19.10


avg-cpu:  %user   %nice %system %iowait  %steal   %idle
           1.03    0.00    1.03   49.48    0.00   48.45

Device            r/s     rkB/s   rrqm/s  %rrqm r_await rareq-sz     w/s     wkB/s   wrqm/s  %wrqm w_await wareq-sz     d/s     dkB/s   drqm/s  %drqm d_await dareq-sz     f/s f_await  aqu-sz  %util
dm-0             0.00      0.00     0.00   0.00    0.00     0.00    0.00      0.00     0.00   0.00    0.00     0.00    0.00      0.00     0.00   0.00    0.00     0.00    0.00    0.00    0.00   0.00
loop0           16.00   2048.00     0.00   0.00    0.19   128.00  485.00   1936.00     0.00   0.00    0.04     3.99    0.00      0.00     0.00   0.00    0.00     0.00    1.00    5.00    0.03   0.40
sda             16.00   2048.00     0.00   0.00    1.06   128.00   85.00   3568.00    69.00  44.81    0.68    41.98    0.00      0.00     0.00   0.00    0.00     0.00   40.00    0.05    0.08   3.70


avg-cpu:  %user   %nice %system %iowait  %steal   %idle
           0.52    0.00   20.83   51.04    0.00   27.60

Device            r/s     rkB/s   rrqm/s  %rrqm r_await rareq-sz     w/s     wkB/s   wrqm/s  %wrqm w_await wareq-sz     d/s     dkB/s   drqm/s  %drqm d_await dareq-sz     f/s f_await  aqu-sz  %util
dm-0             0.00      0.00     0.00   0.00    0.00     0.00    0.00      0.00     0.00   0.00    0.00     0.00    0.00      0.00     0.00   0.00    0.00     0.00    0.00    0.00    0.00   0.00
loop0          796.00  99956.00     0.00   0.00    0.85   125.57  621.00 100112.00   315.00  33.65    0.96   161.21    0.00      0.00     0.00   0.00    0.00     0.00    0.00    0.00    1.27  41.50
sda            808.00 100512.00     0.00   0.00    0.78   124.40  322.00  55504.00    81.00  20.10   10.74   172.37    0.00      0.00     0.00   0.00    0.00     0.00   40.00    0.05    4.09  33.20


avg-cpu:  %user   %nice %system %iowait  %steal   %idle
           0.52    0.00    1.05   50.79    0.00   47.64

Device            r/s     rkB/s   rrqm/s  %rrqm r_await rareq-sz     w/s     wkB/s   wrqm/s  %wrqm w_await wareq-sz     d/s     dkB/s   drqm/s  %drqm d_await dareq-sz     f/s f_await  aqu-sz  %util
dm-0             0.00      0.00     0.00   0.00    0.00     0.00    0.00      0.00     0.00   0.00    0.00     0.00    0.00      0.00     0.00   0.00    0.00     0.00    0.00    0.00    0.00   0.00
loop0           66.00   8204.00     0.00   0.00    0.23   124.30  582.00   8128.00   186.00  24.22    0.06    13.97    0.00      0.00     0.00   0.00    0.00     0.00    0.00    0.00    0.05   0.40
sda             70.00   8160.00     0.00   0.00    0.83   116.57   57.00    516.00    58.00  50.43    0.37     9.05    0.00      0.00     0.00   0.00    0.00     0.00   34.00    0.03    0.08   6.20


avg-cpu:  %user   %nice %system %iowait  %steal   %idle
           0.52    0.00    1.55   52.06    0.00   45.88

Device            r/s     rkB/s   rrqm/s  %rrqm r_await rareq-sz     w/s     wkB/s   wrqm/s  %wrqm w_await wareq-sz     d/s     dkB/s   drqm/s  %drqm d_await dareq-sz     f/s f_await  aqu-sz  %util
dm-0             0.00      0.00     0.00   0.00    0.00     0.00    0.00      0.00     0.00   0.00    0.00     0.00    0.00      0.00     0.00   0.00    0.00     0.00    0.00    0.00    0.00   0.00
loop0           15.00   1920.00     0.00   0.00    0.20   128.00  500.00   2000.00     0.00   0.00    0.03     4.00    0.00      0.00     0.00   0.00    0.00     0.00    0.00    0.00    0.02   0.00
sda             15.00   1920.00     0.00   0.00    0.80   128.00   31.00    180.00    14.00  31.11    0.39     5.81    0.00      0.00     0.00   0.00    0.00     0.00    8.00    0.00    0.03   1.10


avg-cpu:  %user   %nice %system %iowait  %steal   %idle
           0.52    0.00    2.59   56.99    0.00   39.90

Device            r/s     rkB/s   rrqm/s  %rrqm r_await rareq-sz     w/s     wkB/s   wrqm/s  %wrqm w_await wareq-sz     d/s     dkB/s   drqm/s  %drqm d_await dareq-sz     f/s f_await  aqu-sz  %util
dm-0             0.00      0.00     0.00   0.00    0.00     0.00    0.00      0.00     0.00   0.00    0.00     0.00    0.00      0.00     0.00   0.00    0.00     0.00    0.00    0.00    0.00   0.00
loop0           18.00   2060.00     0.00   0.00    0.17   114.44  522.00   2248.00    40.00   7.12    0.57     4.31    0.00      0.00     0.00   0.00    0.00     0.00    2.00   75.00    0.45  15.10
sda             15.00   1804.00     0.00   0.00    1.00   120.27  361.00  57280.00   116.00  24.32   33.75   158.67    0.00      0.00     0.00   0.00    0.00     0.00   62.00    0.18   12.21  17.60


avg-cpu:  %user   %nice %system %iowait  %steal   %idle
           1.06    0.00   15.87   51.32    0.00   31.75

Device            r/s     rkB/s   rrqm/s  %rrqm r_await rareq-sz     w/s     wkB/s   wrqm/s  %wrqm w_await wareq-sz     d/s     dkB/s   drqm/s  %drqm d_await dareq-sz     f/s f_await  aqu-sz  %util
dm-0             0.00      0.00     0.00   0.00    0.00     0.00    0.00      0.00     0.00   0.00    0.00     0.00    0.00      0.00     0.00   0.00    0.00     0.00    0.00    0.00    0.00   0.00
loop0          690.00  86624.00     0.00   0.00    0.80   125.54  703.00  86656.00   615.00  46.66    0.61   123.27    0.00      0.00     0.00   0.00    0.00     0.00    0.00    0.00    0.98  33.10
sda            693.00  87008.00     0.00   0.00    0.81   125.55  234.00  37424.00    61.00  20.68    7.90   159.93    0.00      0.00     0.00   0.00    0.00     0.00   36.00    0.03    2.42  33.00


avg-cpu:  %user   %nice %system %iowait  %steal   %idle
           0.52    0.00    1.04   51.81    0.00   46.63

Device            r/s     rkB/s   rrqm/s  %rrqm r_await rareq-sz     w/s     wkB/s   wrqm/s  %wrqm w_await wareq-sz     d/s     dkB/s   drqm/s  %drqm d_await dareq-sz     f/s f_await  aqu-sz  %util
dm-0             0.00      0.00     0.00   0.00    0.00     0.00    0.00      0.00     0.00   0.00    0.00     0.00    0.00      0.00     0.00   0.00    0.00     0.00    0.00    0.00    0.00   0.00
loop0           19.00   2432.00     0.00   0.00    0.21   128.00  506.00   2544.00     9.00   1.75    0.04     5.03    0.00      0.00     0.00   0.00    0.00     0.00    0.00    0.00    0.02   0.00
sda             20.00   2560.00     0.00   0.00    1.05   128.00   62.00    472.00    48.00  43.64    0.39     7.61    0.00      0.00     0.00   0.00    0.00     0.00   28.00    0.07    0.05   3.10


avg-cpu:  %user   %nice %system %iowait  %steal   %idle
           0.52    0.00    1.55   53.37    0.00   44.56

Device            r/s     rkB/s   rrqm/s  %rrqm r_await rareq-sz     w/s     wkB/s   wrqm/s  %wrqm w_await wareq-sz     d/s     dkB/s   drqm/s  %drqm d_await dareq-sz     f/s f_await  aqu-sz  %util
dm-0             0.00      0.00     0.00   0.00    0.00     0.00    0.00      0.00     0.00   0.00    0.00     0.00    0.00      0.00     0.00   0.00    0.00     0.00    0.00    0.00    0.00   0.00
loop0           18.00   2060.00     0.00   0.00    0.17   114.44  501.00   2012.00     2.00   0.40    0.05     4.02    0.00      0.00     0.00   0.00    0.00     0.00    0.00    0.00    0.03   0.00
sda             16.00   2048.00     0.00   0.00    1.00   128.00   58.00    344.00    28.00  32.56    0.41     5.93    0.00      0.00     0.00   0.00    0.00     0.00   16.00    0.06    0.04   2.20


avg-cpu:  %user   %nice %system %iowait  %steal   %idle
           0.52    0.00    1.04   56.99    0.00   41.45

Device            r/s     rkB/s   rrqm/s  %rrqm r_await rareq-sz     w/s     wkB/s   wrqm/s  %wrqm w_await wareq-sz     d/s     dkB/s   drqm/s  %drqm d_await dareq-sz     f/s f_await  aqu-sz  %util
dm-0             0.00      0.00     0.00   0.00    0.00     0.00    0.00      0.00     0.00   0.00    0.00     0.00    0.00      0.00     0.00   0.00    0.00     0.00    0.00    0.00    0.00   0.00
loop0           15.00   1920.00     0.00   0.00    0.20   128.00  499.00   1996.00     0.00   0.00    0.04     4.00    0.00      0.00     0.00   0.00    0.00     0.00    0.00    0.00    0.02   0.00
sda             15.00   1920.00     0.00   0.00    0.80   128.00  141.00    880.00    79.00  35.91    0.41     6.24    0.00      0.00     0.00   0.00    0.00     0.00   42.00    0.05    0.07   2.70


avg-cpu:  %user   %nice %system %iowait  %steal   %idle
          15.98    0.00   30.41   46.39    0.00    7.22

Device            r/s     rkB/s   rrqm/s  %rrqm r_await rareq-sz     w/s     wkB/s   wrqm/s  %wrqm w_await wareq-sz     d/s     dkB/s   drqm/s  %drqm d_await dareq-sz     f/s f_await  aqu-sz  %util
dm-0             0.00      0.00     0.00   0.00    0.00     0.00    0.00      0.00     0.00   0.00    0.00     0.00    0.00      0.00     0.00   0.00    0.00     0.00    0.00    0.00    0.00   0.00
loop0          610.00  77120.00     0.00   0.00    0.82   126.43  619.00  77336.00   286.00  31.60    1.09   124.94    0.00      0.00     0.00   0.00    0.00     0.00    2.00   78.50    1.33  47.20
sda            603.00  76732.00     0.00   0.00    0.82   127.25  506.00  88160.00   113.00  18.26   30.53   174.23    0.00      0.00     0.00   0.00    0.00     0.00   62.00    0.08   15.95  42.40


avg-cpu:  %user   %nice %system %iowait  %steal   %idle
          41.54    0.00   14.36   40.51    0.00    3.59

Device            r/s     rkB/s   rrqm/s  %rrqm r_await rareq-sz     w/s     wkB/s   wrqm/s  %wrqm w_await wareq-sz     d/s     dkB/s   drqm/s  %drqm d_await dareq-sz     f/s f_await  aqu-sz  %util
dm-0             1.00     36.00     0.00   0.00    1.00    36.00    0.00      0.00     0.00   0.00    0.00     0.00    0.00      0.00     0.00   0.00    0.00     0.00    0.00    0.00    0.00   0.10
loop0           48.00   5660.00     0.00   0.00    0.31   117.92  490.00   5628.00     6.00   1.21    0.06    11.49    0.00      0.00     0.00   0.00    0.00     0.00    0.00    0.00    0.04   0.80
sda             63.00   6224.00     0.00   0.00    0.78    98.79   58.00    456.00    46.00  44.23    0.38     7.86    0.00      0.00     0.00   0.00    0.00     0.00   28.00    0.04    0.07   6.10


avg-cpu:  %user   %nice %system %iowait  %steal   %idle
           2.58    0.00    5.67   50.00    0.00   41.75

Device            r/s     rkB/s   rrqm/s  %rrqm r_await rareq-sz     w/s     wkB/s   wrqm/s  %wrqm w_await wareq-sz     d/s     dkB/s   drqm/s  %drqm d_await dareq-sz     f/s f_await  aqu-sz  %util
dm-0             0.00      0.00     0.00   0.00    0.00     0.00    0.00      0.00     0.00   0.00    0.00     0.00    0.00      0.00     0.00   0.00    0.00     0.00    0.00    0.00    0.00   0.00
loop0           20.00   2320.00     0.00   0.00    0.75   116.00  491.00   1976.00     3.00   0.61    0.04     4.02    0.00      0.00     0.00   0.00    0.00     0.00    0.00    0.00    0.03   1.20
sda             31.00   2680.00     0.00   0.00    1.00    86.45   51.00    312.00    27.00  34.62    0.39     6.12    0.00      0.00     0.00   0.00    0.00     0.00   14.00    0.07    0.05   3.50


avg-cpu:  %user   %nice %system %iowait  %steal   %idle
           1.03    0.00    1.55   57.22    0.00   40.21

Device            r/s     rkB/s   rrqm/s  %rrqm r_await rareq-sz     w/s     wkB/s   wrqm/s  %wrqm w_await wareq-sz     d/s     dkB/s   drqm/s  %drqm d_await dareq-sz     f/s f_await  aqu-sz  %util
dm-0             0.00      0.00     0.00   0.00    0.00     0.00    0.00      0.00     0.00   0.00    0.00     0.00    0.00      0.00     0.00   0.00    0.00     0.00    0.00    0.00    0.00   0.00
loop0           16.00   2048.00     0.00   0.00    0.19   128.00  498.00   1992.00     0.00   0.00    0.04     4.00    0.00      0.00     0.00   0.00    0.00     0.00    0.00    0.00    0.02   0.00
sda             16.00   2048.00     0.00   0.00    1.00   128.00  149.00    924.00    82.00  35.50    0.40     6.20    0.00      0.00     0.00   0.00    0.00     0.00   44.00    0.05    0.08   2.90


avg-cpu:  %user   %nice %system %iowait  %steal   %idle
           0.00    0.00    1.55   52.85    0.00   45.60

Device            r/s     rkB/s   rrqm/s  %rrqm r_await rareq-sz     w/s     wkB/s   wrqm/s  %wrqm w_await wareq-sz     d/s     dkB/s   drqm/s  %drqm d_await dareq-sz     f/s f_await  aqu-sz  %util
dm-0             0.00      0.00     0.00   0.00    0.00     0.00    0.00      0.00     0.00   0.00    0.00     0.00    0.00      0.00     0.00   0.00    0.00     0.00    0.00    0.00    0.00   0.00
loop0           17.00   1932.00     0.00   0.00    0.29   113.65  489.00   1960.00     1.00   0.20    0.04     4.01    0.00      0.00     0.00   0.00    0.00     0.00    0.00    0.00    0.03   0.10
sda             17.00   1888.00     0.00   0.00    0.88   111.06  130.00    784.00    66.00  33.67    0.37     6.03    0.00      0.00     0.00   0.00    0.00     0.00   40.00    0.05    0.07   2.90


avg-cpu:  %user   %nice %system %iowait  %steal   %idle
           0.52    0.00    2.60   57.81    0.00   39.06

Device            r/s     rkB/s   rrqm/s  %rrqm r_await rareq-sz     w/s     wkB/s   wrqm/s  %wrqm w_await wareq-sz     d/s     dkB/s   drqm/s  %drqm d_await dareq-sz     f/s f_await  aqu-sz  %util
dm-0             0.00      0.00     0.00   0.00    0.00     0.00    0.00      0.00     0.00   0.00    0.00     0.00    0.00      0.00     0.00   0.00    0.00     0.00    0.00    0.00    0.00   0.00
loop0           15.00   1920.00     0.00   0.00    0.20   128.00  515.00   2184.00    31.00   5.68    0.51     4.24    0.00      0.00     0.00   0.00    0.00     0.00    2.00   82.50    0.43  16.50
sda             15.00   1920.00     0.00   0.00    0.80   128.00  363.00  61048.00   105.00  22.44   35.08   168.18    0.00      0.00     0.00   0.00    0.00     0.00   52.00    0.06   12.75  18.20


avg-cpu:  %user   %nice %system %iowait  %steal   %idle
           1.03    0.00   15.90   51.28    0.00   31.79

Device            r/s     rkB/s   rrqm/s  %rrqm r_await rareq-sz     w/s     wkB/s   wrqm/s  %wrqm w_await wareq-sz     d/s     dkB/s   drqm/s  %drqm d_await dareq-sz     f/s f_await  aqu-sz  %util
dm-0             0.00      0.00     0.00   0.00    0.00     0.00    0.00      0.00     0.00   0.00    0.00     0.00    0.00      0.00     0.00   0.00    0.00     0.00    0.00    0.00    0.00   0.00
loop0          600.00  75596.00     0.00   0.00    0.86   125.99  555.00  75592.00   157.00  22.05    0.80   136.20    0.00      0.00     0.00   0.00    0.00     0.00    0.00    0.00    0.96  33.00
sda            618.00  75932.00     0.00   0.00    0.77   122.87  230.00  37428.00    66.00  22.30    8.55   162.73    0.00      0.00     0.00   0.00    0.00     0.00   35.00    0.03    2.44  26.00


avg-cpu:  %user   %nice %system %iowait  %steal   %idle
           0.53    0.00    1.58   50.00    0.00   47.89

Device            r/s     rkB/s   rrqm/s  %rrqm r_await rareq-sz     w/s     wkB/s   wrqm/s  %wrqm w_await wareq-sz     d/s     dkB/s   drqm/s  %drqm d_await dareq-sz     f/s f_await  aqu-sz  %util
dm-0             0.00      0.00     0.00   0.00    0.00     0.00    0.00      0.00     0.00   0.00    0.00     0.00    0.00      0.00     0.00   0.00    0.00     0.00    0.00    0.00    0.00   0.00
loop0          106.00  13084.00     0.00   0.00    0.20   123.43  640.00  13036.00   272.00  29.82    0.07    20.37    0.00      0.00     0.00   0.00    0.00     0.00    0.00    0.00    0.07   0.70
sda            109.00  13304.00     0.00   0.00    0.83   122.06   53.00    496.00    56.00  51.38    0.34     9.36    0.00      0.00     0.00   0.00    0.00     0.00   38.00    0.05    0.11   9.90


avg-cpu:  %user   %nice %system %iowait  %steal   %idle
           0.52    0.00    1.57   95.29    0.00    2.62

Device            r/s     rkB/s   rrqm/s  %rrqm r_await rareq-sz     w/s     wkB/s   wrqm/s  %wrqm w_await wareq-sz     d/s     dkB/s   drqm/s  %drqm d_await dareq-sz     f/s f_await  aqu-sz  %util
dm-0             0.00      0.00     0.00   0.00    0.00     0.00    0.00      0.00     0.00   0.00    0.00     0.00    0.00      0.00     0.00   0.00    0.00     0.00    0.00    0.00    0.00   0.00
loop0           15.00   1920.00     0.00   0.00    0.20   128.00  496.00   1984.00     0.00   0.00    0.04     4.00    0.00      0.00     0.00   0.00    0.00     0.00    0.00    0.00    0.02   0.00
sda             15.00   1920.00     0.00   0.00    0.93   128.00  418.00   2032.00    76.00  15.38    0.38     4.86    0.00      0.00     0.00   0.00    0.00     0.00   38.00    0.03    0.17   1.40


avg-cpu:  %user   %nice %system %iowait  %steal   %idle
           1.04    0.00    1.55   90.16    0.00    7.25

Device            r/s     rkB/s   rrqm/s  %rrqm r_await rareq-sz     w/s     wkB/s   wrqm/s  %wrqm w_await wareq-sz     d/s     dkB/s   drqm/s  %drqm d_await dareq-sz     f/s f_await  aqu-sz  %util
dm-0             0.00      0.00     0.00   0.00    0.00     0.00    0.00      0.00     0.00   0.00    0.00     0.00    0.00      0.00     0.00   0.00    0.00     0.00    0.00    0.00    0.00   0.00
loop0           15.00   1920.00     0.00   0.00    0.27   128.00  496.00   1984.00     0.00   0.00    0.04     4.00    0.00      0.00     0.00   0.00    0.00     0.00    0.00    0.00    0.02   0.00
sda             15.00   1920.00     0.00   0.00    0.93   128.00  378.00   1580.00    17.00   4.30    0.37     4.18    0.00      0.00     0.00   0.00    0.00     0.00    8.00    0.12    0.15   1.20


avg-cpu:  %user   %nice %system %iowait  %steal   %idle
           1.04    0.00   17.71   58.33    0.00   22.92

Device            r/s     rkB/s   rrqm/s  %rrqm r_await rareq-sz     w/s     wkB/s   wrqm/s  %wrqm w_await wareq-sz     d/s     dkB/s   drqm/s  %drqm d_await dareq-sz     f/s f_await  aqu-sz  %util
dm-0             0.00      0.00     0.00   0.00    0.00     0.00    0.00      0.00     0.00   0.00    0.00     0.00    0.00      0.00     0.00   0.00    0.00     0.00    0.00    0.00    0.00   0.00
loop0          642.00  80728.00     0.00   0.00    0.84   125.74  576.00  80884.00   243.00  29.67    1.62   140.42    0.00      0.00     0.00   0.00    0.00     0.00    2.00   79.00    1.63  50.60
sda            642.00  80656.00     0.00   0.00    0.79   125.63  597.00  98480.00   141.00  19.11   33.55   164.96    0.00      0.00     0.00   0.00    0.00     0.00   70.00    0.04   20.54  41.60


avg-cpu:  %user   %nice %system %iowait  %steal   %idle
           0.00    0.00    1.07   51.87    0.00   47.06

Device            r/s     rkB/s   rrqm/s  %rrqm r_await rareq-sz     w/s     wkB/s   wrqm/s  %wrqm w_await wareq-sz     d/s     dkB/s   drqm/s  %drqm d_await dareq-sz     f/s f_await  aqu-sz  %util
dm-0             0.00      0.00     0.00   0.00    0.00     0.00    0.00      0.00     0.00   0.00    0.00     0.00    0.00      0.00     0.00   0.00    0.00     0.00    0.00    0.00    0.00   0.00
loop0          101.00  12444.00     0.00   0.00    0.19   123.21  647.00  12476.00   315.00  32.74    0.08    19.28    0.00      0.00     0.00   0.00    0.00     0.00    0.00    0.00    0.07   0.30
sda            105.00  12652.00     0.00   0.00    0.95   120.50   50.00    364.00    35.00  41.18    0.40     7.28    0.00      0.00     0.00   0.00    0.00     0.00   21.00    0.05    0.12   9.90


avg-cpu:  %user   %nice %system %iowait  %steal   %idle
          35.71    0.00   14.80   42.86    0.00    6.63

Device            r/s     rkB/s   rrqm/s  %rrqm r_await rareq-sz     w/s     wkB/s   wrqm/s  %wrqm w_await wareq-sz     d/s     dkB/s   drqm/s  %drqm d_await dareq-sz     f/s f_await  aqu-sz  %util
dm-0             0.00      0.00     0.00   0.00    0.00     0.00    0.00      0.00     0.00   0.00    0.00     0.00    0.00      0.00     0.00   0.00    0.00     0.00    0.00    0.00    0.00   0.00
loop0           14.85   1900.99     0.00   0.00    0.20   128.00  555.45   2225.74     0.00   0.00    0.03     4.01    0.00      0.00     0.00   0.00    0.00     0.00    0.00    0.00    0.02   0.00
sda             14.85   1900.99     0.00   0.00    1.13   128.00   76.24    471.29    41.58  35.29    0.42     6.18    0.00      0.00     0.00   0.00    0.00     0.00   23.76    0.04    0.05   2.57


avg-cpu:  %user   %nice %system %iowait  %steal   %idle
          25.00    0.00   16.15   42.19    0.00   16.67

Device            r/s     rkB/s   rrqm/s  %rrqm r_await rareq-sz     w/s     wkB/s   wrqm/s  %wrqm w_await wareq-sz     d/s     dkB/s   drqm/s  %drqm d_await dareq-sz     f/s f_await  aqu-sz  %util
dm-0             0.00      0.00     0.00   0.00    0.00     0.00    0.00      0.00     0.00   0.00    0.00     0.00    0.00      0.00     0.00   0.00    0.00     0.00    0.00    0.00    0.00   0.00
loop0           14.14   1810.10     0.00   0.00    0.14   128.00  566.67   2270.71     1.01   0.18    0.04     4.01    0.00      0.00     0.00   0.00    0.00     0.00    0.00    0.00    0.02   0.00
sda             14.14   1810.10     0.00   0.00    1.07   128.00  142.42    884.85    78.79  35.62    0.42     6.21    0.00      0.00     0.00   0.00    0.00     0.00   38.38    0.05    0.08   2.73


avg-cpu:  %user   %nice %system %iowait  %steal   %idle
           0.52    0.00    1.55   56.99    0.00   40.93

Device            r/s     rkB/s   rrqm/s  %rrqm r_await rareq-sz     w/s     wkB/s   wrqm/s  %wrqm w_await wareq-sz     d/s     dkB/s   drqm/s  %drqm d_await dareq-sz     f/s f_await  aqu-sz  %util
dm-0             0.00      0.00     0.00   0.00    0.00     0.00    0.00      0.00     0.00   0.00    0.00     0.00    0.00      0.00     0.00   0.00    0.00     0.00    0.00    0.00    0.00   0.00
loop0           16.00   2048.00     0.00   0.00    0.25   128.00  588.00   2352.00     0.00   0.00    0.04     4.00    0.00      0.00     0.00   0.00    0.00     0.00    0.00    0.00    0.03   0.10
sda             16.00   2048.00     0.00   0.00    1.06   128.00  124.00    776.00    69.00  35.75    0.44     6.26    0.00      0.00     0.00   0.00    0.00     0.00   37.00    0.08    0.08   3.20


avg-cpu:  %user   %nice %system %iowait  %steal   %idle
           0.51    0.00    2.56   57.44    0.00   39.49

Device            r/s     rkB/s   rrqm/s  %rrqm r_await rareq-sz     w/s     wkB/s   wrqm/s  %wrqm w_await wareq-sz     d/s     dkB/s   drqm/s  %drqm d_await dareq-sz     f/s f_await  aqu-sz  %util
dm-0             0.00      0.00     0.00   0.00    0.00     0.00    0.00      0.00     0.00   0.00    0.00     0.00    0.00      0.00     0.00   0.00    0.00     0.00    0.00    0.00    0.00   0.00
loop0           16.83   1912.87     0.00   0.00    4.35   113.65  534.65   2293.07    37.62   6.57    8.03     4.29    0.00      0.00     0.00   0.00    0.00     0.00    1.98   82.00    4.53  16.44
sda             20.79   2269.31     0.00   0.00    1.33   109.14  385.15  60067.33   113.86  22.82   32.02   155.96    0.00      0.00     0.00   0.00    0.00     0.00   60.40    0.05   12.36  18.61


avg-cpu:  %user   %nice %system %iowait  %steal   %idle
           0.53    0.00   15.26   53.68    0.00   30.53

Device            r/s     rkB/s   rrqm/s  %rrqm r_await rareq-sz     w/s     wkB/s   wrqm/s  %wrqm w_await wareq-sz     d/s     dkB/s   drqm/s  %drqm d_await dareq-sz     f/s f_await  aqu-sz  %util
dm-0             0.00      0.00     0.00   0.00    0.00     0.00    0.00      0.00     0.00   0.00    0.00     0.00    0.00      0.00     0.00   0.00    0.00     0.00    0.00    0.00    0.00   0.00
loop0          657.58  82953.54     0.00   0.00    0.80   126.15  567.68  58246.46   171.72  23.22    0.50   102.60    0.00      0.00     0.00   0.00    0.00     0.00    0.00    0.00    0.81  33.84
sda            654.55  82650.51     0.00   0.00    0.77   126.27  322.22  60105.05    58.59  15.38    9.65   186.53    0.00      0.00     0.00   0.00    0.00     0.00   30.30    0.07    3.61  24.24


avg-cpu:  %user   %nice %system %iowait  %steal   %idle
           1.58    0.00    6.32   47.89    0.00   44.21

Device            r/s     rkB/s   rrqm/s  %rrqm r_await rareq-sz     w/s     wkB/s   wrqm/s  %wrqm w_await wareq-sz     d/s     dkB/s   drqm/s  %drqm d_await dareq-sz     f/s f_await  aqu-sz  %util
dm-0             0.00      0.00     0.00   0.00    0.00     0.00    0.00      0.00     0.00   0.00    0.00     0.00    0.00      0.00     0.00   0.00    0.00     0.00    0.00    0.00    0.00   0.00
loop0          224.00  27700.00     0.00   0.00    0.75   123.66  741.00  52620.00   456.00  38.10    0.72    71.01    0.00      0.00     0.00   0.00    0.00     0.00    0.00    0.00    0.70   9.50
sda            231.00  28040.00     0.00   0.00    0.79   121.39   56.00    508.00    56.00  50.00    0.36     9.07    0.00      0.00     0.00   0.00    0.00     0.00   34.00    0.06    0.20  14.00


avg-cpu:  %user   %nice %system %iowait  %steal   %idle
           2.63    0.00    2.11   72.11    0.00   23.16

Device            r/s     rkB/s   rrqm/s  %rrqm r_await rareq-sz     w/s     wkB/s   wrqm/s  %wrqm w_await wareq-sz     d/s     dkB/s   drqm/s  %drqm d_await dareq-sz     f/s f_await  aqu-sz  %util
dm-0             0.00      0.00     0.00   0.00    0.00     0.00    0.00      0.00     0.00   0.00    0.00     0.00    0.00      0.00     0.00   0.00    0.00     0.00    0.00    0.00    0.00   0.00
loop0           15.00   1920.00     0.00   0.00    0.20   128.00  499.00   1996.00     0.00   0.00    0.04     4.00    0.00      0.00     0.00   0.00    0.00     0.00    0.00    0.00    0.02   0.10
sda             15.00   1920.00     0.00   0.00    1.07   128.00  307.00   1584.00    75.00  19.63    0.37     5.16    0.00      0.00     0.00   0.00    0.00     0.00   36.00    0.03    0.13   2.00


avg-cpu:  %user   %nice %system %iowait  %steal   %idle
           0.52    0.00    1.56   64.58    0.00   33.33

Device            r/s     rkB/s   rrqm/s  %rrqm r_await rareq-sz     w/s     wkB/s   wrqm/s  %wrqm w_await wareq-sz     d/s     dkB/s   drqm/s  %drqm d_await dareq-sz     f/s f_await  aqu-sz  %util
dm-0             0.00      0.00     0.00   0.00    0.00     0.00    0.00      0.00     0.00   0.00    0.00     0.00    0.00      0.00     0.00   0.00    0.00     0.00    0.00    0.00    0.00   0.00
loop0           16.00   2048.00     0.00   0.00    0.19   128.00  500.00   2000.00     0.00   0.00    0.04     4.00    0.00      0.00     0.00   0.00    0.00     0.00    0.00    0.00    0.02   0.00
sda             17.00   2048.00     0.00   0.00    0.88   120.47  336.00   1416.00    18.00   5.08    0.36     4.21    0.00      0.00     0.00   0.00    0.00     0.00    8.00    0.12    0.14   1.10


avg-cpu:  %user   %nice %system %iowait  %steal   %idle
           0.52    0.00   13.40   57.22    0.00   28.87

Device            r/s     rkB/s   rrqm/s  %rrqm r_await rareq-sz     w/s     wkB/s   wrqm/s  %wrqm w_await wareq-sz     d/s     dkB/s   drqm/s  %drqm d_await dareq-sz     f/s f_await  aqu-sz  %util
dm-0             0.00      0.00     0.00   0.00    0.00     0.00    0.00      0.00     0.00   0.00    0.00     0.00    0.00      0.00     0.00   0.00    0.00     0.00    0.00    0.00    0.00   0.00
loop0          447.00  56132.00     0.00   0.00    0.90   125.57  529.00  56492.00   189.00  26.32    1.26   106.79    0.00      0.00     0.00   0.00    0.00     0.00    2.00   77.00    1.22  40.20
sda            452.00  56040.00     0.00   0.00    0.83   123.98  514.00  86784.00   114.00  18.15   29.23   168.84    0.00      0.00     0.00   0.00    0.00     0.00   60.00    0.05   15.40  30.90


avg-cpu:  %user   %nice %system %iowait  %steal   %idle
           1.61    0.00   12.37   51.61    0.00   34.41

Device            r/s     rkB/s   rrqm/s  %rrqm r_await rareq-sz     w/s     wkB/s   wrqm/s  %wrqm w_await wareq-sz     d/s     dkB/s   drqm/s  %drqm d_await dareq-sz     f/s f_await  aqu-sz  %util
dm-0             0.00      0.00     0.00   0.00    0.00     0.00    0.00      0.00     0.00   0.00    0.00     0.00    0.00      0.00     0.00   0.00    0.00     0.00    0.00    0.00    0.00   0.00
loop0          540.00  67420.00     0.00   0.00    0.73   124.85  732.00  67332.00   461.00  38.64    0.64    91.98    0.00      0.00     0.00   0.00    0.00     0.00    1.00  137.00    1.00  27.40
sda            571.00  68708.00     0.00   0.00    0.79   120.33  312.00  53092.00    81.00  20.61   35.05   170.17    0.00      0.00     0.00   0.00    0.00     0.00   40.00    0.05   11.39  29.70


avg-cpu:  %user   %nice %system %iowait  %steal   %idle
           0.52    0.00    2.08   50.00    0.00   47.40

Device            r/s     rkB/s   rrqm/s  %rrqm r_await rareq-sz     w/s     wkB/s   wrqm/s  %wrqm w_await wareq-sz     d/s     dkB/s   drqm/s  %drqm d_await dareq-sz     f/s f_await  aqu-sz  %util
dm-0             0.00      0.00     0.00   0.00    0.00     0.00    0.00      0.00     0.00   0.00    0.00     0.00    0.00      0.00     0.00   0.00    0.00     0.00    0.00    0.00    0.00   0.00
loop0           89.00  11392.00     0.00   0.00    0.19   128.00  640.00  11520.00   271.00  29.75    0.07    18.00    0.00      0.00     0.00   0.00    0.00     0.00    0.00    0.00    0.06   0.30
sda             89.00  11392.00     0.00   0.00    0.94   128.00   47.00    472.00    56.00  54.37    0.38    10.04    0.00      0.00     0.00   0.00    0.00     0.00   32.00    0.03    0.10   9.40


avg-cpu:  %user   %nice %system %iowait  %steal   %idle
           8.81    0.00    9.84   45.08    0.00   36.27

Device            r/s     rkB/s   rrqm/s  %rrqm r_await rareq-sz     w/s     wkB/s   wrqm/s  %wrqm w_await wareq-sz     d/s     dkB/s   drqm/s  %drqm d_await dareq-sz     f/s f_await  aqu-sz  %util
dm-0             0.00      0.00     0.00   0.00    0.00     0.00    0.00      0.00     0.00   0.00    0.00     0.00    0.00      0.00     0.00   0.00    0.00     0.00    0.00    0.00    0.00   0.00
loop0           16.00   2048.00     0.00   0.00    0.19   128.00  487.00   1948.00     0.00   0.00    0.04     4.00    0.00      0.00     0.00   0.00    0.00     0.00    0.00    0.00    0.02   0.20
sda             16.00   2048.00     0.00   0.00    1.06   128.00   67.00    548.00    58.00  46.40    0.39     8.18    0.00      0.00     0.00   0.00    0.00     0.00   34.00    0.06    0.04   3.10


avg-cpu:  %user   %nice %system %iowait  %steal   %idle
          43.08    0.00   11.79   41.54    0.00    3.59

Device            r/s     rkB/s   rrqm/s  %rrqm r_await rareq-sz     w/s     wkB/s   wrqm/s  %wrqm w_await wareq-sz     d/s     dkB/s   drqm/s  %drqm d_await dareq-sz     f/s f_await  aqu-sz  %util
dm-0             0.00      0.00     0.00   0.00    0.00     0.00    0.00      0.00     0.00   0.00    0.00     0.00    0.00      0.00     0.00   0.00    0.00     0.00    0.00    0.00    0.00   0.00
loop0           15.00   1920.00     0.00   0.00    0.20   128.00  480.00   1924.00     1.00   0.21    0.03     4.01    0.00      0.00     0.00   0.00    0.00     0.00    0.00    0.00    0.02   0.20
sda             15.00   1920.00     0.00   0.00    1.07   128.00   34.00    200.00    16.00  32.00    0.53     5.88    0.00      0.00     0.00   0.00    0.00     0.00   10.00    0.10    0.03   2.20


avg-cpu:  %user   %nice %system %iowait  %steal   %idle
           6.70    0.00   14.43   43.81    0.00   35.05

Device            r/s     rkB/s   rrqm/s  %rrqm r_await rareq-sz     w/s     wkB/s   wrqm/s  %wrqm w_await wareq-sz     d/s     dkB/s   drqm/s  %drqm d_await dareq-sz     f/s f_await  aqu-sz  %util
dm-0             0.00      0.00     0.00   0.00    0.00     0.00    0.00      0.00     0.00   0.00    0.00     0.00    0.00      0.00     0.00   0.00    0.00     0.00    0.00    0.00    0.00   0.00
loop0           16.00   1816.00     0.00   0.00    9.69   113.50  484.00   2124.00    45.00   8.51    7.91     4.39    0.00      0.00     0.00   0.00    0.00     0.00    2.00   78.50    4.14  16.00
sda             20.00   2164.00     0.00   0.00    0.90   108.20  395.00  59124.00   123.00  23.75   36.59   149.68    0.00      0.00     0.00   0.00    0.00     0.00   64.00    0.05   14.48  18.70


avg-cpu:  %user   %nice %system %iowait  %steal   %idle
           0.51    0.00    5.64   50.26    0.00   43.59

Device            r/s     rkB/s   rrqm/s  %rrqm r_await rareq-sz     w/s     wkB/s   wrqm/s  %wrqm w_await wareq-sz     d/s     dkB/s   drqm/s  %drqm d_await dareq-sz     f/s f_await  aqu-sz  %util
dm-0             0.00      0.00     0.00   0.00    0.00     0.00    0.00      0.00     0.00   0.00    0.00     0.00    0.00      0.00     0.00   0.00    0.00     0.00    0.00    0.00    0.00   0.00
loop0          218.00  27904.00     0.00   0.00    0.89   128.00  479.00  27884.00     2.00   0.42    0.46    58.21    0.00      0.00     0.00   0.00    0.00     0.00    0.00    0.00    0.41  11.20
sda            219.00  27904.00     0.00   0.00    0.79   127.42   45.00    424.00    46.00  50.55    0.38     9.42    0.00      0.00     0.00   0.00    0.00     0.00   30.00    0.07    0.19   7.80


avg-cpu:  %user   %nice %system %iowait  %steal   %idle
           1.05    0.00   11.05   49.47    0.00   38.42

Device            r/s     rkB/s   rrqm/s  %rrqm r_await rareq-sz     w/s     wkB/s   wrqm/s  %wrqm w_await wareq-sz     d/s     dkB/s   drqm/s  %drqm d_await dareq-sz     f/s f_await  aqu-sz  %util
dm-0             0.00      0.00     0.00   0.00    0.00     0.00    0.00      0.00     0.00   0.00    0.00     0.00    0.00      0.00     0.00   0.00    0.00     0.00    0.00    0.00    0.00   0.00
loop0          449.00  55648.00     0.00   0.00    0.66   123.94  735.00  55756.00   499.00  40.44    0.31    75.86    0.00      0.00     0.00   0.00    0.00     0.00    0.00    0.00    0.53  18.30
sda            444.00  55196.00     0.00   0.00    0.78   124.32  211.00  33324.00    65.00  23.55    8.03   157.93    0.00      0.00     0.00   0.00    0.00     0.00   32.00    0.03    2.04  22.00


avg-cpu:  %user   %nice %system %iowait  %steal   %idle
           0.52    0.00    1.55   51.55    0.00   46.39

Device            r/s     rkB/s   rrqm/s  %rrqm r_await rareq-sz     w/s     wkB/s   wrqm/s  %wrqm w_await wareq-sz     d/s     dkB/s   drqm/s  %drqm d_await dareq-sz     f/s f_await  aqu-sz  %util
dm-0             0.00      0.00     0.00   0.00    0.00     0.00    0.00      0.00     0.00   0.00    0.00     0.00    0.00      0.00     0.00   0.00    0.00     0.00    0.00    0.00    0.00   0.00
loop0           16.00   2048.00     0.00   0.00    0.19   128.00  500.00   2000.00     0.00   0.00    0.04     4.00    0.00      0.00     0.00   0.00    0.00     0.00    0.00    0.00    0.02   0.00
sda             16.00   2048.00     0.00   0.00    1.00   128.00   56.00    456.00    47.00  45.63    0.39     8.14    0.00      0.00     0.00   0.00    0.00     0.00   26.00    0.08    0.04   2.80


avg-cpu:  %user   %nice %system %iowait  %steal   %idle
           0.52    0.00    1.04   52.85    0.00   45.60

Device            r/s     rkB/s   rrqm/s  %rrqm r_await rareq-sz     w/s     wkB/s   wrqm/s  %wrqm w_await wareq-sz     d/s     dkB/s   drqm/s  %drqm d_await dareq-sz     f/s f_await  aqu-sz  %util
dm-0             0.00      0.00     0.00   0.00    0.00     0.00    0.00      0.00     0.00   0.00    0.00     0.00    0.00      0.00     0.00   0.00    0.00     0.00    0.00    0.00    0.00   0.00
loop0           15.00   1920.00     0.00   0.00    0.20   128.00  502.00   2012.00     1.00   0.20    0.04     4.01    0.00      0.00     0.00   0.00    0.00     0.00    0.00    0.00    0.02   0.00
sda             15.00   1920.00     0.00   0.00    0.93   128.00   48.00    304.00    28.00  36.84    0.44     6.33    0.00      0.00     0.00   0.00    0.00     0.00   16.00    0.00    0.04   1.90


avg-cpu:  %user   %nice %system %iowait  %steal   %idle
           0.52    0.00    2.60   55.21    0.00   41.67

Device            r/s     rkB/s   rrqm/s  %rrqm r_await rareq-sz     w/s     wkB/s   wrqm/s  %wrqm w_await wareq-sz     d/s     dkB/s   drqm/s  %drqm d_await dareq-sz     f/s f_await  aqu-sz  %util
dm-0             0.00      0.00     0.00   0.00    0.00     0.00    0.00      0.00     0.00   0.00    0.00     0.00    0.00      0.00     0.00   0.00    0.00     0.00    0.00    0.00    0.00   0.00
loop0           37.00   4736.00     0.00   0.00    0.59   128.00  517.00   2260.00    48.00   8.50    0.86     4.37    0.00      0.00     0.00   0.00    0.00     0.00    2.00   77.00    0.62  16.60
sda             42.00   4740.00     0.00   0.00    0.81   112.86  373.00  58132.00   124.00  24.95   33.36   155.85    0.00      0.00     0.00   0.00    0.00     0.00   70.00    0.04   12.48  19.50


avg-cpu:  %user   %nice %system %iowait  %steal   %idle
           1.06    0.00   15.96   52.66    0.00   30.32

Device            r/s     rkB/s   rrqm/s  %rrqm r_await rareq-sz     w/s     wkB/s   wrqm/s  %wrqm w_await wareq-sz     d/s     dkB/s   drqm/s  %drqm d_await dareq-sz     f/s f_await  aqu-sz  %util
dm-0             0.00      0.00     0.00   0.00    0.00     0.00    0.00      0.00     0.00   0.00    0.00     0.00    0.00      0.00     0.00   0.00    0.00     0.00    0.00    0.00    0.00   0.00
loop0          717.00  90820.00     0.00   0.00    0.78   126.67  701.00  93616.00   496.00  41.44    0.84   133.55    0.00      0.00     0.00   0.00    0.00     0.00    0.00    0.00    1.14  33.60
sda            723.00  91420.00     0.00   0.00    0.75   126.45  293.00  43608.00    62.00  17.46    8.62   148.83    0.00      0.00     0.00   0.00    0.00     0.00   24.00    0.04    3.07  27.30


avg-cpu:  %user   %nice %system %iowait  %steal   %idle
           0.52    0.00    1.03   53.09    0.00   45.36

Device            r/s     rkB/s   rrqm/s  %rrqm r_await rareq-sz     w/s     wkB/s   wrqm/s  %wrqm w_await wareq-sz     d/s     dkB/s   drqm/s  %drqm d_await dareq-sz     f/s f_await  aqu-sz  %util
dm-0             0.00      0.00     0.00   0.00    0.00     0.00    0.00      0.00     0.00   0.00    0.00     0.00    0.00      0.00     0.00   0.00    0.00     0.00    0.00    0.00    0.00   0.00
loop0           16.00   2048.00     0.00   0.00    0.12   128.00  501.00   2004.00     0.00   0.00    0.03     4.00    0.00      0.00     0.00   0.00    0.00     0.00    0.00    0.00    0.02   0.00
sda             16.00   2048.00     0.00   0.00    1.12   128.00   49.00    304.00    27.00  35.53    0.45     6.20    0.00      0.00     0.00   0.00    0.00     0.00   14.00    0.07    0.04   1.80


avg-cpu:  %user   %nice %system %iowait  %steal   %idle
           0.52    0.00    1.55   57.22    0.00   40.72

Device            r/s     rkB/s   rrqm/s  %rrqm r_await rareq-sz     w/s     wkB/s   wrqm/s  %wrqm w_await wareq-sz     d/s     dkB/s   drqm/s  %drqm d_await dareq-sz     f/s f_await  aqu-sz  %util
dm-0             0.00      0.00     0.00   0.00    0.00     0.00    0.00      0.00     0.00   0.00    0.00     0.00    0.00      0.00     0.00   0.00    0.00     0.00    0.00    0.00    0.00   0.00
loop0           15.00   1920.00     0.00   0.00    0.20   128.00  501.00   2004.00     0.00   0.00    0.04     4.00    0.00      0.00     0.00   0.00    0.00     0.00    0.00    0.00    0.02   0.00
sda             15.00   1920.00     0.00   0.00    0.93   128.00  131.00    804.00    70.00  34.83    0.41     6.14    0.00      0.00     0.00   0.00    0.00     0.00   40.00    0.05    0.07   2.70


avg-cpu:  %user   %nice %system %iowait  %steal   %idle
           0.51    0.00    2.05   56.41    0.00   41.03

Device            r/s     rkB/s   rrqm/s  %rrqm r_await rareq-sz     w/s     wkB/s   wrqm/s  %wrqm w_await wareq-sz     d/s     dkB/s   drqm/s  %drqm d_await dareq-sz     f/s f_await  aqu-sz  %util
dm-0             0.00      0.00     0.00   0.00    0.00     0.00    0.00      0.00     0.00   0.00    0.00     0.00    0.00      0.00     0.00   0.00    0.00     0.00    0.00    0.00    0.00   0.00
loop0           16.00   2048.00     0.00   0.00    0.19   128.00  497.00   1992.00     1.00   0.20    0.04     4.01    0.00      0.00     0.00   0.00    0.00     0.00    0.00    0.00    0.02   0.00
sda             16.00   2048.00     0.00   0.00    0.94   128.00  127.00    776.00    67.00  34.54    0.40     6.11    0.00      0.00     0.00   0.00    0.00     0.00   36.00    0.06    0.07   2.50


avg-cpu:  %user   %nice %system %iowait  %steal   %idle
          26.15    0.00   14.87   46.15    0.00   12.82

Device            r/s     rkB/s   rrqm/s  %rrqm r_await rareq-sz     w/s     wkB/s   wrqm/s  %wrqm w_await wareq-sz     d/s     dkB/s   drqm/s  %drqm d_await dareq-sz     f/s f_await  aqu-sz  %util
dm-0             0.00      0.00     0.00   0.00    0.00     0.00    0.00      0.00     0.00   0.00    0.00     0.00    0.00      0.00     0.00   0.00    0.00     0.00    0.00    0.00    0.00   0.00
loop0           49.00   6272.00     0.00   0.00    0.31   128.00   41.00    268.00    25.00  37.88    8.54     6.54    0.00      0.00     0.00   0.00    0.00     0.00    2.00   79.50    0.52  16.40
sda             49.00   6272.00     0.00   0.00    1.04   128.00  408.00  59680.00   116.00  22.14   26.36   146.27    0.00      0.00     0.00   0.00    0.00     0.00   56.00    0.14   10.81  20.40


avg-cpu:  %user   %nice %system %iowait  %steal   %idle
          33.51    0.00   18.56   38.14    0.00    9.79

Device            r/s     rkB/s   rrqm/s  %rrqm r_await rareq-sz     w/s     wkB/s   wrqm/s  %wrqm w_await wareq-sz     d/s     dkB/s   drqm/s  %drqm d_await dareq-sz     f/s f_await  aqu-sz  %util
dm-0             0.00      0.00     0.00   0.00    0.00     0.00    0.00      0.00     0.00   0.00    0.00     0.00    0.00      0.00     0.00   0.00    0.00     0.00    0.00    0.00    0.00   0.00
loop0          130.00  16640.00     0.00   0.00    0.74   128.00   47.00  17132.00     4.00   7.84    6.43   364.51    0.00      0.00     0.00   0.00    0.00     0.00    0.00    0.00    0.40   7.20
sda            130.00  16640.00     0.00   0.00    0.92   128.00   54.00    544.00    64.00  54.24    0.39    10.07    0.00      0.00     0.00   0.00    0.00     0.00   36.00    0.03    0.14  10.00


avg-cpu:  %user   %nice %system %iowait  %steal   %idle
           0.53    0.00   14.81   51.32    0.00   33.33

Device            r/s     rkB/s   rrqm/s  %rrqm r_await rareq-sz     w/s     wkB/s   wrqm/s  %wrqm w_await wareq-sz     d/s     dkB/s   drqm/s  %drqm d_await dareq-sz     f/s f_await  aqu-sz  %util
dm-0             0.00      0.00     0.00   0.00    0.00     0.00    0.00      0.00     0.00   0.00    0.00     0.00    0.00      0.00     0.00   0.00    0.00     0.00    0.00    0.00    0.00   0.00
loop0          632.00  80896.00     0.00   0.00    0.88   128.00  564.00  86588.00   200.00  26.18    1.32   153.52    0.00      0.00     0.00   0.00    0.00     0.00    0.00    0.00    1.30  33.30
sda            639.00  80896.00     0.00   0.00    0.78   126.60  332.00  51412.00    74.00  18.23    9.58   154.86    0.00      0.00     0.00   0.00    0.00     0.00   36.00    0.06    3.68  28.50


avg-cpu:  %user   %nice %system %iowait  %steal   %idle
           1.03    0.00    1.54   51.79    0.00   45.64

Device            r/s     rkB/s   rrqm/s  %rrqm r_await rareq-sz     w/s     wkB/s   wrqm/s  %wrqm w_await wareq-sz     d/s     dkB/s   drqm/s  %drqm d_await dareq-sz     f/s f_await  aqu-sz  %util
dm-0             0.00      0.00     0.00   0.00    0.00     0.00    0.00      0.00     0.00   0.00    0.00     0.00    0.00      0.00     0.00   0.00    0.00     0.00    0.00    0.00    0.00   0.00
loop0           15.00   1920.00     0.00   0.00    0.20   128.00  488.00   1956.00     1.00   0.20    0.03     4.01    0.00      0.00     0.00   0.00    0.00     0.00    0.00    0.00    0.02   0.00
sda             15.00   1920.00     0.00   0.00    1.00   128.00   69.00    528.00    52.00  42.98    0.39     7.65    0.00      0.00     0.00   0.00    0.00     0.00   26.00    0.04    0.04   2.70


avg-cpu:  %user   %nice %system %iowait  %steal   %idle
           0.51    0.00    1.54   52.31    0.00   45.64

Device            r/s     rkB/s   rrqm/s  %rrqm r_await rareq-sz     w/s     wkB/s   wrqm/s  %wrqm w_await wareq-sz     d/s     dkB/s   drqm/s  %drqm d_await dareq-sz     f/s f_await  aqu-sz  %util
dm-0             0.00      0.00     0.00   0.00    0.00     0.00    0.00      0.00     0.00   0.00    0.00     0.00    0.00      0.00     0.00   0.00    0.00     0.00    0.00    0.00    0.00   0.00
loop0           14.85   1900.99     0.00   0.00    0.20   128.00  473.27   1893.07     0.00   0.00    0.04     4.00    0.00      0.00     0.00   0.00    0.00     0.00    0.00    0.00    0.02   0.00
sda             14.85   1900.99     0.00   0.00    1.00   128.00   52.48    336.63    31.68  37.65    0.40     6.42    0.00      0.00     0.00   0.00    0.00     0.00   15.84    0.06    0.04   1.88


avg-cpu:  %user   %nice %system %iowait  %steal   %idle
           0.52    0.00    1.57   58.64    0.00   39.27

Device            r/s     rkB/s   rrqm/s  %rrqm r_await rareq-sz     w/s     wkB/s   wrqm/s  %wrqm w_await wareq-sz     d/s     dkB/s   drqm/s  %drqm d_await dareq-sz     f/s f_await  aqu-sz  %util
dm-0             0.00      0.00     0.00   0.00    0.00     0.00    0.00      0.00     0.00   0.00    0.00     0.00    0.00      0.00     0.00   0.00    0.00     0.00    0.00    0.00    0.00   0.00
loop0           15.00   1920.00     0.00   0.00    0.13   128.00  492.00   2036.00    17.00   3.34    0.56     4.14    0.00      0.00     0.00   0.00    0.00     0.00    2.00   77.00    0.43  15.40
sda             15.00   1920.00     0.00   0.00    2.00   128.00  358.00  58300.00   121.00  25.26   34.60   162.85    0.00      0.00     0.00   0.00    0.00     0.00   64.00    0.05   12.42  18.30


avg-cpu:  %user   %nice %system %iowait  %steal   %idle
           3.11    0.00   21.24   62.69    0.00   12.95

Device            r/s     rkB/s   rrqm/s  %rrqm r_await rareq-sz     w/s     wkB/s   wrqm/s  %wrqm w_await wareq-sz     d/s     dkB/s   drqm/s  %drqm d_await dareq-sz     f/s f_await  aqu-sz  %util
dm-0             0.00      0.00     0.00   0.00    0.00     0.00    0.00      0.00     0.00   0.00    0.00     0.00    0.00      0.00     0.00   0.00    0.00     0.00    0.00    0.00    0.00   0.00
loop0         1637.00 206380.00     0.00   0.00    0.89   126.07  176.00  33256.00    12.00   6.38    1.46   188.95    0.00      0.00     0.00   0.00    0.00     0.00    0.00    0.00    1.72  75.20
sda           1665.00 207596.00     0.00   0.00    0.75   124.68   81.00    608.00    56.00  40.88    0.60     7.51    0.00      0.00     0.00   0.00    0.00     0.00   30.00    0.03    1.30  55.70


avg-cpu:  %user   %nice %system %iowait  %steal   %idle
          10.88    0.00   28.50   51.81    0.00    8.81

Device            r/s     rkB/s   rrqm/s  %rrqm r_await rareq-sz     w/s     wkB/s   wrqm/s  %wrqm w_await wareq-sz     d/s     dkB/s   drqm/s  %drqm d_await dareq-sz     f/s f_await  aqu-sz  %util
dm-0             0.00      0.00     0.00   0.00    0.00     0.00    0.00      0.00     0.00   0.00    0.00     0.00    0.00      0.00     0.00   0.00    0.00     0.00    0.00    0.00    0.00   0.00
loop0         1683.00 199560.00     0.00   0.00    2.09   118.57    0.00      0.00     0.00   0.00    0.00     0.00    0.00      0.00     0.00   0.00    0.00     0.00    0.00    0.00    3.51  83.00
sda           2225.00 224768.00     0.00   0.00    0.68   101.02   45.00    444.00    51.00  53.12    0.40     9.87    0.00      0.00     0.00   0.00    0.00     0.00   30.00    0.10    1.53  64.30


avg-cpu:  %user   %nice %system %iowait  %steal   %idle
           5.24    0.00   19.37   74.35    0.00    1.05

Device            r/s     rkB/s   rrqm/s  %rrqm r_await rareq-sz     w/s     wkB/s   wrqm/s  %wrqm w_await wareq-sz     d/s     dkB/s   drqm/s  %drqm d_await dareq-sz     f/s f_await  aqu-sz  %util
dm-0             0.00      0.00     0.00   0.00    0.00     0.00    0.00      0.00     0.00   0.00    0.00     0.00    0.00      0.00     0.00   0.00    0.00     0.00    0.00    0.00    0.00   0.00
loop0         1984.00 250832.00     0.00   0.00    2.33   126.43    3.00     12.00     0.00   0.00    1.33     4.00    0.00      0.00     0.00   0.00    0.00     0.00    0.00    0.00    4.62  97.40
sda           2053.00 251548.00     0.00   0.00    1.14   122.53  213.00  35368.00    59.00  21.69    9.36   166.05    0.00      0.00     0.00   0.00    0.00     0.00   30.00    0.03    4.33  79.20


avg-cpu:  %user   %nice %system %iowait  %steal   %idle
           5.70    0.00   20.21   72.54    0.00    1.55

Device            r/s     rkB/s   rrqm/s  %rrqm r_await rareq-sz     w/s     wkB/s   wrqm/s  %wrqm w_await wareq-sz     d/s     dkB/s   drqm/s  %drqm d_await dareq-sz     f/s f_await  aqu-sz  %util
dm-0             0.00      0.00     0.00   0.00    0.00     0.00    0.00      0.00     0.00   0.00    0.00     0.00    0.00      0.00     0.00   0.00    0.00     0.00    0.00    0.00    0.00   0.00
loop0         1940.00 245128.00     0.00   0.00    2.56   126.35    0.00      0.00     0.00   0.00    0.00     0.00    0.00      0.00     0.00   0.00    0.00     0.00    0.00    0.00    4.97  95.90
sda           2020.00 245796.00     0.00   0.00    1.25   121.68   44.00    424.00    48.00  52.17    0.36     9.64    0.00      0.00     0.00   0.00    0.00     0.00   29.00    0.07    2.54  80.00


avg-cpu:  %user   %nice %system %iowait  %steal   %idle
           5.15    0.00   19.07   74.74    0.00    1.03

Device            r/s     rkB/s   rrqm/s  %rrqm r_await rareq-sz     w/s     wkB/s   wrqm/s  %wrqm w_await wareq-sz     d/s     dkB/s   drqm/s  %drqm d_await dareq-sz     f/s f_await  aqu-sz  %util
dm-0             0.00      0.00     0.00   0.00    0.00     0.00    0.00      0.00     0.00   0.00    0.00     0.00    0.00      0.00     0.00   0.00    0.00     0.00    0.00    0.00    0.00   0.00
loop0         1946.00 244912.00     0.00   0.00    2.40   125.85    2.00    116.00    27.00  93.10    2.00    58.00    0.00      0.00     0.00   0.00    0.00     0.00    2.00    1.50    4.67  97.60
sda           2046.00 245768.00     0.00   0.00    1.21   120.12   51.00    616.00    61.00  54.46    0.35    12.08    0.00      0.00     0.00   0.00    0.00     0.00   34.00    0.03    2.50  80.80


avg-cpu:  %user   %nice %system %iowait  %steal   %idle
           9.79    0.00   22.16   66.49    0.00    1.55

Device            r/s     rkB/s   rrqm/s  %rrqm r_await rareq-sz     w/s     wkB/s   wrqm/s  %wrqm w_await wareq-sz     d/s     dkB/s   drqm/s  %drqm d_await dareq-sz     f/s f_await  aqu-sz  %util
dm-0             0.00      0.00     0.00   0.00    0.00     0.00    0.00      0.00     0.00   0.00    0.00     0.00    0.00      0.00     0.00   0.00    0.00     0.00    0.00    0.00    0.00   0.00
loop0         1942.00 244360.00     0.00   0.00    2.58   125.83    0.00      0.00     0.00   0.00    0.00     0.00    0.00      0.00     0.00   0.00    0.00     0.00    0.00    0.00    5.02  95.30
sda           2046.00 245576.00     0.00   0.00    1.10   120.03   45.00    448.00    52.00  53.61    0.44     9.96    0.00      0.00     0.00   0.00    0.00     0.00   30.00    0.13    2.28  76.90


avg-cpu:  %user   %nice %system %iowait  %steal   %idle
          41.41    0.00   33.84   23.74    0.00    1.01

Device            r/s     rkB/s   rrqm/s  %rrqm r_await rareq-sz     w/s     wkB/s   wrqm/s  %wrqm w_await wareq-sz     d/s     dkB/s   drqm/s  %drqm d_await dareq-sz     f/s f_await  aqu-sz  %util
dm-0             0.00      0.00     0.00   0.00    0.00     0.00    0.00      0.00     0.00   0.00    0.00     0.00    0.00      0.00     0.00   0.00    0.00     0.00    0.00    0.00    0.00   0.00
loop0         1949.00 245168.00     0.00   0.00    2.38   125.79    0.00      0.00     0.00   0.00    0.00     0.00    0.00      0.00     0.00   0.00    0.00     0.00    0.00    0.00    4.64  97.40
sda           2042.00 246028.00     0.00   0.00    0.91   120.48   45.00    428.00    47.00  51.09    0.38     9.51    0.00      0.00     0.00   0.00    0.00     0.00   30.00    0.03    1.88  63.00


avg-cpu:  %user   %nice %system %iowait  %steal   %idle
          35.20    0.00   41.33   22.45    0.00    1.02

Device            r/s     rkB/s   rrqm/s  %rrqm r_await rareq-sz     w/s     wkB/s   wrqm/s  %wrqm w_await wareq-sz     d/s     dkB/s   drqm/s  %drqm d_await dareq-sz     f/s f_await  aqu-sz  %util
dm-0             0.00      0.00     0.00   0.00    0.00     0.00    0.00      0.00     0.00   0.00    0.00     0.00    0.00      0.00     0.00   0.00    0.00     0.00    0.00    0.00    0.00   0.00
loop0         1956.00 244108.00     0.00   0.00    2.53   124.80    0.00      0.00     0.00   0.00    0.00     0.00    0.00      0.00     0.00   0.00    0.00     0.00    0.00    0.00    4.95  96.50
sda           2068.00 245788.00     0.00   0.00    0.84   118.85   45.00    424.00    46.00  50.55    0.33     9.42    0.00      0.00     0.00   0.00    0.00     0.00   30.00    0.07    1.76  63.50


avg-cpu:  %user   %nice %system %iowait  %steal   %idle
           5.13    0.00   20.00   73.85    0.00    1.03

Device            r/s     rkB/s   rrqm/s  %rrqm r_await rareq-sz     w/s     wkB/s   wrqm/s  %wrqm w_await wareq-sz     d/s     dkB/s   drqm/s  %drqm d_await dareq-sz     f/s f_await  aqu-sz  %util
dm-0             0.00      0.00     0.00   0.00    0.00     0.00    0.00      0.00     0.00   0.00    0.00     0.00    0.00      0.00     0.00   0.00    0.00     0.00    0.00    0.00    0.00   0.00
loop0         1933.00 244784.00     0.00   0.00    2.38   126.63    0.00      0.00     0.00   0.00    0.00     0.00    0.00      0.00     0.00   0.00    0.00     0.00    0.00    0.00    4.60  97.80
sda           1996.00 245736.00     0.00   0.00    1.24   123.11   52.00    464.00    49.00  48.51    0.38     8.92    0.00      0.00     0.00   0.00    0.00     0.00   31.00    0.03    2.50  79.50


avg-cpu:  %user   %nice %system %iowait  %steal   %idle
           5.18    0.00   20.21   73.06    0.00    1.55

Device            r/s     rkB/s   rrqm/s  %rrqm r_await rareq-sz     w/s     wkB/s   wrqm/s  %wrqm w_await wareq-sz     d/s     dkB/s   drqm/s  %drqm d_await dareq-sz     f/s f_await  aqu-sz  %util
dm-0             0.00      0.00     0.00   0.00    0.00     0.00    0.00      0.00     0.00   0.00    0.00     0.00    0.00      0.00     0.00   0.00    0.00     0.00    0.00    0.00    0.00   0.00
loop0         1949.00 244872.00     0.00   0.00    2.57   125.64    2.00     88.00    20.00  90.91    2.50    44.00    0.00      0.00     0.00   0.00    0.00     0.00    2.00    3.00    5.01  96.10
sda           2052.00 245784.00     0.00   0.00    1.21   119.78   51.00    588.00    61.00  54.46    0.39    11.53    0.00      0.00     0.00   0.00    0.00     0.00   34.00    0.03    2.50  78.60


avg-cpu:  %user   %nice %system %iowait  %steal   %idle
           6.15    0.00   18.46   74.36    0.00    1.03

Device            r/s     rkB/s   rrqm/s  %rrqm r_await rareq-sz     w/s     wkB/s   wrqm/s  %wrqm w_await wareq-sz     d/s     dkB/s   drqm/s  %drqm d_await dareq-sz     f/s f_await  aqu-sz  %util
dm-0             0.00      0.00     0.00   0.00    0.00     0.00    0.00      0.00     0.00   0.00    0.00     0.00    0.00      0.00     0.00   0.00    0.00     0.00    0.00    0.00    0.00   0.00
loop0         1940.00 245168.00     0.00   0.00    2.37   126.38    1.00      0.00     0.00   0.00    1.00     0.00    0.00      0.00     0.00   0.00    0.00     0.00    1.00    0.00    4.61  97.50
sda           2006.00 245736.00     0.00   0.00    1.22   122.50   46.00    448.00    52.00  53.06    0.35     9.74    0.00      0.00     0.00   0.00    0.00     0.00   31.00    0.03    2.48  79.80


avg-cpu:  %user   %nice %system %iowait  %steal   %idle
           4.12    0.00   19.07   73.71    0.00    3.09

Device            r/s     rkB/s   rrqm/s  %rrqm r_await rareq-sz     w/s     wkB/s   wrqm/s  %wrqm w_await wareq-sz     d/s     dkB/s   drqm/s  %drqm d_await dareq-sz     f/s f_await  aqu-sz  %util
dm-0             0.00      0.00     0.00   0.00    0.00     0.00    0.00      0.00     0.00   0.00    0.00     0.00    0.00      0.00     0.00   0.00    0.00     0.00    0.00    0.00    0.00   0.00
loop0         1926.00 244064.00     0.00   0.00    0.96   126.72    0.00      0.00     0.00   0.00    0.00     0.00    0.00      0.00     0.00   0.00    0.00     0.00    0.00    0.00    1.84  95.30
sda           1990.00 245788.00     0.00   0.00    0.84   123.51   45.00    420.00    45.00  50.00    0.36     9.33    0.00      0.00     0.00   0.00    0.00     0.00   30.00    0.07    1.69  73.90


avg-cpu:  %user   %nice %system %iowait  %steal   %idle
           5.15    0.00   20.10   72.16    0.00    2.58

Device            r/s     rkB/s   rrqm/s  %rrqm r_await rareq-sz     w/s     wkB/s   wrqm/s  %wrqm w_await wareq-sz     d/s     dkB/s   drqm/s  %drqm d_await dareq-sz     f/s f_await  aqu-sz  %util
dm-0             0.00      0.00     0.00   0.00    0.00     0.00    0.00      0.00     0.00   0.00    0.00     0.00    0.00      0.00     0.00   0.00    0.00     0.00    0.00    0.00    0.00   0.00
loop0         1915.00 243924.00     0.00   0.00    1.36   127.38    0.00      0.00     0.00   0.00    0.00     0.00    0.00      0.00     0.00   0.00    0.00     0.00    0.00    0.00    2.61  95.10
sda           1966.00 245812.00     0.00   0.00    0.97   125.03   80.00    592.00    53.00  39.85    0.61     7.40    0.00      0.00     0.00   0.00    0.00     0.00   30.00    0.03    1.95  75.80


avg-cpu:  %user   %nice %system %iowait  %steal   %idle
           5.21    0.00   19.79   73.96    0.00    1.04

Device            r/s     rkB/s   rrqm/s  %rrqm r_await rareq-sz     w/s     wkB/s   wrqm/s  %wrqm w_await wareq-sz     d/s     dkB/s   drqm/s  %drqm d_await dareq-sz     f/s f_await  aqu-sz  %util
dm-0             0.00      0.00     0.00   0.00    0.00     0.00    0.00      0.00     0.00   0.00    0.00     0.00    0.00      0.00     0.00   0.00    0.00     0.00    0.00    0.00    0.00   0.00
loop0         1940.00 244296.00     0.00   0.00    2.55   125.93    0.00      0.00     0.00   0.00    0.00     0.00    0.00      0.00     0.00   0.00    0.00     0.00    0.00    0.00    4.95  96.40
sda           2020.00 245632.00     0.00   0.00    1.18   121.60   45.00    452.00    53.00  54.08    0.38    10.04    0.00      0.00     0.00   0.00    0.00     0.00   30.00    0.03    2.40  79.00


avg-cpu:  %user   %nice %system %iowait  %steal   %idle
           6.09    0.00   20.81   71.57    0.00    1.52

Device            r/s     rkB/s   rrqm/s  %rrqm r_await rareq-sz     w/s     wkB/s   wrqm/s  %wrqm w_await wareq-sz     d/s     dkB/s   drqm/s  %drqm d_await dareq-sz     f/s f_await  aqu-sz  %util
dm-0             0.00      0.00     0.00   0.00    0.00     0.00    0.00      0.00     0.00   0.00    0.00     0.00    0.00      0.00     0.00   0.00    0.00     0.00    0.00    0.00    0.00   0.00
loop0         1939.00 245696.00     0.00   0.00    2.39   126.71    2.00     44.00     9.00  81.82    2.50    22.00    0.00      0.00     0.00   0.00    0.00     0.00    2.00    3.00    4.65  96.90
sda           2000.00 245844.00     0.00   0.00    1.28   122.92   55.00    560.00    61.00  52.59    0.40    10.18    0.00      0.00     0.00   0.00    0.00     0.00   34.00    0.09    2.59  76.70


avg-cpu:  %user   %nice %system %iowait  %steal   %idle
           5.61    0.00   20.41   72.45    0.00    1.53

Device            r/s     rkB/s   rrqm/s  %rrqm r_await rareq-sz     w/s     wkB/s   wrqm/s  %wrqm w_await wareq-sz     d/s     dkB/s   drqm/s  %drqm d_await dareq-sz     f/s f_await  aqu-sz  %util
dm-0             0.00      0.00     0.00   0.00    0.00     0.00    0.00      0.00     0.00   0.00    0.00     0.00    0.00      0.00     0.00   0.00    0.00     0.00    0.00    0.00    0.00   0.00
loop0         1941.00 244216.00     0.00   0.00    2.55   125.82    0.00      0.00     0.00   0.00    0.00     0.00    0.00      0.00     0.00   0.00    0.00     0.00    0.00    0.00    4.96  96.60
sda           2056.00 245608.00     0.00   0.00    1.25   119.46   45.00    448.00    52.00  53.61    0.38     9.96    0.00      0.00     0.00   0.00    0.00     0.00   30.00    0.03    2.59  79.40


avg-cpu:  %user   %nice %system %iowait  %steal   %idle
           5.73    0.00   19.79   73.44    0.00    1.04

Device            r/s     rkB/s   rrqm/s  %rrqm r_await rareq-sz     w/s     wkB/s   wrqm/s  %wrqm w_await wareq-sz     d/s     dkB/s   drqm/s  %drqm d_await dareq-sz     f/s f_await  aqu-sz  %util
dm-0             0.00      0.00     0.00   0.00    0.00     0.00    0.00      0.00     0.00   0.00    0.00     0.00    0.00      0.00     0.00   0.00    0.00     0.00    0.00    0.00    0.00   0.00
loop0         1946.00 245696.00     0.00   0.00    2.42   126.26    0.00      0.00     0.00   0.00    0.00     0.00    0.00      0.00     0.00   0.00    0.00     0.00    0.00    0.00    4.71  96.90
sda           2020.00 245940.00     0.00   0.00    1.22   121.75   45.00    452.00    53.00  54.08    0.36    10.04    0.00      0.00     0.00   0.00    0.00     0.00   30.00    0.03    2.48  77.40


avg-cpu:  %user   %nice %system %iowait  %steal   %idle
           7.77    0.00   21.76   68.91    0.00    1.55

Device            r/s     rkB/s   rrqm/s  %rrqm r_await rareq-sz     w/s     wkB/s   wrqm/s  %wrqm w_await wareq-sz     d/s     dkB/s   drqm/s  %drqm d_await dareq-sz     f/s f_await  aqu-sz  %util
dm-0             0.00      0.00     0.00   0.00    0.00     0.00    0.00      0.00     0.00   0.00    0.00     0.00    0.00      0.00     0.00   0.00    0.00     0.00    0.00    0.00    0.00   0.00
loop0         1947.00 244344.00     0.00   0.00    2.56   125.50    0.00      0.00     0.00   0.00    0.00     0.00    0.00      0.00     0.00   0.00    0.00     0.00    0.00    0.00    4.99  95.80
sda           2070.00 245992.00     0.00   0.00    1.13   118.84   45.00    444.00    51.00  53.12    0.38     9.87    0.00      0.00     0.00   0.00    0.00     0.00   30.00    0.10    2.36  75.00


avg-cpu:  %user   %nice %system %iowait  %steal   %idle
          40.50    0.00   35.00   23.50    0.00    1.00

Device            r/s     rkB/s   rrqm/s  %rrqm r_await rareq-sz     w/s     wkB/s   wrqm/s  %wrqm w_await wareq-sz     d/s     dkB/s   drqm/s  %drqm d_await dareq-sz     f/s f_await  aqu-sz  %util
dm-0             0.00      0.00     0.00   0.00    0.00     0.00    0.00      0.00     0.00   0.00    0.00     0.00    0.00      0.00     0.00   0.00    0.00     0.00    0.00    0.00    0.00   0.00
loop0         1949.00 244888.00     0.00   0.00    2.37   125.65    0.00      0.00     0.00   0.00    0.00     0.00    0.00      0.00     0.00   0.00    0.00     0.00    0.00    0.00    4.62  96.60
sda           2043.00 245620.00     0.00   0.00    0.81   120.23   45.00    448.00    52.00  53.61    0.36     9.96    0.00      0.00     0.00   0.00    0.00     0.00   30.00    0.03    1.68  61.90


avg-cpu:  %user   %nice %system %iowait  %steal   %idle
          34.85    0.00   38.89   25.25    0.00    1.01

Device            r/s     rkB/s   rrqm/s  %rrqm r_await rareq-sz     w/s     wkB/s   wrqm/s  %wrqm w_await wareq-sz     d/s     dkB/s   drqm/s  %drqm d_await dareq-sz     f/s f_await  aqu-sz  %util
dm-0             2.00     36.00     0.00   0.00    0.00    18.00    0.00      0.00     0.00   0.00    0.00     0.00    0.00      0.00     0.00   0.00    0.00     0.00    0.00    0.00    0.00   0.00
loop0         1939.00 244344.00     0.00   0.00    2.50   126.02    1.00     12.00     2.00  66.67    0.00    12.00    0.00      0.00     0.00   0.00    0.00     0.00    0.00    0.00    4.86  96.60
sda           2026.00 245700.00     0.00   0.00    0.95   121.27   44.00    444.00    53.00  54.64    0.34    10.09    0.00      0.00     0.00   0.00    0.00     0.00   29.00    0.03    1.94  61.10


avg-cpu:  %user   %nice %system %iowait  %steal   %idle
           5.18    0.00   19.69   74.09    0.00    1.04

Device            r/s     rkB/s   rrqm/s  %rrqm r_await rareq-sz     w/s     wkB/s   wrqm/s  %wrqm w_await wareq-sz     d/s     dkB/s   drqm/s  %drqm d_await dareq-sz     f/s f_await  aqu-sz  %util
dm-0             0.00      0.00     0.00   0.00    0.00     0.00    0.00      0.00     0.00   0.00    0.00     0.00    0.00      0.00     0.00   0.00    0.00     0.00    0.00    0.00    0.00   0.00
loop0         1946.00 245184.00     0.00   0.00    2.39   125.99    1.00      4.00     0.00   0.00    3.00     4.00    0.00      0.00     0.00   0.00    0.00     0.00    2.00    1.50    4.65  97.10
sda           2023.00 245856.00     0.00   0.00    1.32   121.53   51.00    504.00    58.00  53.21    0.37     9.88    0.00      0.00     0.00   0.00    0.00     0.00   34.00    0.06    2.69  78.20


avg-cpu:  %user   %nice %system %iowait  %steal   %idle
           5.64    0.00   21.03   72.31    0.00    1.03

Device            r/s     rkB/s   rrqm/s  %rrqm r_await rareq-sz     w/s     wkB/s   wrqm/s  %wrqm w_await wareq-sz     d/s     dkB/s   drqm/s  %drqm d_await dareq-sz     f/s f_await  aqu-sz  %util
dm-0             0.00      0.00     0.00   0.00    0.00     0.00    0.00      0.00     0.00   0.00    0.00     0.00    0.00      0.00     0.00   0.00    0.00     0.00    0.00    0.00    0.00   0.00
loop0         1946.00 244856.00     0.00   0.00    2.57   125.83    0.00      0.00     0.00   0.00    0.00     0.00    0.00      0.00     0.00   0.00    0.00     0.00    0.00    0.00    4.99  96.10
sda           2031.00 245744.00     0.00   0.00    1.19   121.00   45.00    456.00    54.00  54.55    0.38    10.13    0.00      0.00     0.00   0.00    0.00     0.00   30.00    0.03    2.43  77.10


avg-cpu:  %user   %nice %system %iowait  %steal   %idle
           4.12    0.00   19.59   74.23    0.00    2.06

Device            r/s     rkB/s   rrqm/s  %rrqm r_await rareq-sz     w/s     wkB/s   wrqm/s  %wrqm w_await wareq-sz     d/s     dkB/s   drqm/s  %drqm d_await dareq-sz     f/s f_await  aqu-sz  %util
dm-0             0.00      0.00     0.00   0.00    0.00     0.00    0.00      0.00     0.00   0.00    0.00     0.00    0.00      0.00     0.00   0.00    0.00     0.00    0.00    0.00    0.00   0.00
loop0         1925.00 245400.00     0.00   0.00    1.23   127.48    0.00      0.00     0.00   0.00    0.00     0.00    0.00      0.00     0.00   0.00    0.00     0.00    0.00    0.00    2.37  97.40
sda           1950.00 245700.00     0.00   0.00    0.97   126.00   45.00    444.00    51.00  53.12    0.36     9.87    0.00      0.00     0.00   0.00    0.00     0.00   30.00    0.03    1.91  74.20


avg-cpu:  %user   %nice %system %iowait  %steal   %idle
           5.18    0.00   20.21   70.47    0.00    4.15

Device            r/s     rkB/s   rrqm/s  %rrqm r_await rareq-sz     w/s     wkB/s   wrqm/s  %wrqm w_await wareq-sz     d/s     dkB/s   drqm/s  %drqm d_await dareq-sz     f/s f_await  aqu-sz  %util
dm-0             0.00      0.00     0.00   0.00    0.00     0.00    0.00      0.00     0.00   0.00    0.00     0.00    0.00      0.00     0.00   0.00    0.00     0.00    0.00    0.00    0.00   0.00
loop0         1839.00 234464.00     0.00   0.00    0.96   127.50    0.00      0.00     0.00   0.00    0.00     0.00    0.00      0.00     0.00   0.00    0.00     0.00    0.00    0.00    1.77  91.40
sda           1883.00 235712.00     0.00   0.00    0.87   125.18   45.00    444.00    51.00  53.12    0.42     9.87    0.00      0.00     0.00   0.00    0.00     0.00   30.00    0.03    1.65  73.10


avg-cpu:  %user   %nice %system %iowait  %steal   %idle
           7.25    0.00   24.87   65.28    0.00    2.59

Device            r/s     rkB/s   rrqm/s  %rrqm r_await rareq-sz     w/s     wkB/s   wrqm/s  %wrqm w_await wareq-sz     d/s     dkB/s   drqm/s  %drqm d_await dareq-sz     f/s f_await  aqu-sz  %util
dm-0             0.00      0.00     0.00   0.00    0.00     0.00    0.00      0.00     0.00   0.00    0.00     0.00    0.00      0.00     0.00   0.00    0.00     0.00    0.00    0.00    0.00   0.00
loop0         2011.00 253248.00     0.00   0.00    2.22   125.93    0.00      0.00     0.00   0.00    0.00     0.00    0.00      0.00     0.00   0.00    0.00     0.00    0.00    0.00    4.46  93.60
sda           2129.00 255976.00     0.00   0.00    1.12   120.23   45.00    444.00    51.00  53.12    0.36     9.87    0.00      0.00     0.00   0.00    0.00     0.00   30.00    0.07    2.41  73.50


avg-cpu:  %user   %nice %system %iowait  %steal   %idle
           6.15    0.00   20.00   72.31    0.00    1.54

Device            r/s     rkB/s   rrqm/s  %rrqm r_await rareq-sz     w/s     wkB/s   wrqm/s  %wrqm w_await wareq-sz     d/s     dkB/s   drqm/s  %drqm d_await dareq-sz     f/s f_await  aqu-sz  %util
dm-0             0.00      0.00     0.00   0.00    0.00     0.00    0.00      0.00     0.00   0.00    0.00     0.00    0.00      0.00     0.00   0.00    0.00     0.00    0.00    0.00    0.00   0.00
loop0         1927.00 244216.00     0.00   0.00    2.39   126.73    2.00     16.00     2.00  50.00    2.00     8.00    0.00      0.00     0.00   0.00    0.00     0.00    2.00    1.50    4.62  97.00
sda           2005.00 245340.00     0.00   0.00    1.25   122.36   51.00    524.00    63.00  55.26    0.37    10.27    0.00      0.00     0.00   0.00    0.00     0.00   34.00    0.06    2.53  75.90


avg-cpu:  %user   %nice %system %iowait  %steal   %idle
           6.12    0.00   20.41   72.45    0.00    1.02

Device            r/s     rkB/s   rrqm/s  %rrqm r_await rareq-sz     w/s     wkB/s   wrqm/s  %wrqm w_await wareq-sz     d/s     dkB/s   drqm/s  %drqm d_await dareq-sz     f/s f_await  aqu-sz  %util
dm-0             0.00      0.00     0.00   0.00    0.00     0.00    0.00      0.00     0.00   0.00    0.00     0.00    0.00      0.00     0.00   0.00    0.00     0.00    0.00    0.00    0.00   0.00
loop0         1953.00 245568.00     0.00   0.00    2.58   125.74    0.00      0.00     0.00   0.00    0.00     0.00    0.00      0.00     0.00   0.00    0.00     0.00    0.00    0.00    5.04  97.60
sda           2041.00 246036.00     0.00   0.00    1.30   120.55   45.00    444.00    51.00  53.12    0.38     9.87    0.00      0.00     0.00   0.00    0.00     0.00   30.00    0.03    2.66  77.40


avg-cpu:  %user   %nice %system %iowait  %steal   %idle
           6.67    0.00   20.51   71.79    0.00    1.03

Device            r/s     rkB/s   rrqm/s  %rrqm r_await rareq-sz     w/s     wkB/s   wrqm/s  %wrqm w_await wareq-sz     d/s     dkB/s   drqm/s  %drqm d_await dareq-sz     f/s f_await  aqu-sz  %util
dm-0             0.00      0.00     0.00   0.00    0.00     0.00    0.00      0.00     0.00   0.00    0.00     0.00    0.00      0.00     0.00   0.00    0.00     0.00    0.00    0.00    0.00   0.00
loop0         1932.00 243832.00     0.00   0.00    2.42   126.21    0.00      0.00     0.00   0.00    0.00     0.00    0.00      0.00     0.00   0.00    0.00     0.00    0.00    0.00    4.67  96.60
sda           2017.00 245336.00     0.00   0.00    1.15   121.63   54.00    548.00    65.00  54.62    0.37    10.15    0.00      0.00     0.00   0.00    0.00     0.00   36.00    0.06    2.33  78.50


avg-cpu:  %user   %nice %system %iowait  %steal   %idle
           5.10    0.00   20.92   72.45    0.00    1.53

Device            r/s     rkB/s   rrqm/s  %rrqm r_await rareq-sz     w/s     wkB/s   wrqm/s  %wrqm w_await wareq-sz     d/s     dkB/s   drqm/s  %drqm d_await dareq-sz     f/s f_await  aqu-sz  %util
dm-0             0.00      0.00     0.00   0.00    0.00     0.00    0.00      0.00     0.00   0.00    0.00     0.00    0.00      0.00     0.00   0.00    0.00     0.00    0.00    0.00    0.00   0.00
loop0         1957.00 245568.00     0.00   0.00    2.58   125.48    0.00      0.00     0.00   0.00    0.00     0.00    0.00      0.00     0.00   0.00    0.00     0.00    0.00    0.00    5.05  97.50
sda           2067.00 246312.00     0.00   0.00    1.28   119.16   45.00    452.00    53.00  54.08    0.38    10.04    0.00      0.00     0.00   0.00    0.00     0.00   30.00    0.03    2.67  79.30


avg-cpu:  %user   %nice %system %iowait  %steal   %idle
           7.25    0.00   21.24   70.98    0.00    0.52

Device            r/s     rkB/s   rrqm/s  %rrqm r_await rareq-sz     w/s     wkB/s   wrqm/s  %wrqm w_await wareq-sz     d/s     dkB/s   drqm/s  %drqm d_await dareq-sz     f/s f_await  aqu-sz  %util
dm-0             0.00      0.00     0.00   0.00    0.00     0.00    0.00      0.00     0.00   0.00    0.00     0.00    0.00      0.00     0.00   0.00    0.00     0.00    0.00    0.00    0.00   0.00
loop0         1924.00 242040.00     0.00   0.00    2.41   125.80    0.00      0.00     0.00   0.00    0.00     0.00    0.00      0.00     0.00   0.00    0.00     0.00    0.00    0.00    4.63  96.20
sda           2014.00 242888.00     0.00   0.00    1.22   120.60   45.00    444.00    51.00  53.12    0.40     9.87    0.00      0.00     0.00   0.00    0.00     0.00   30.00    0.07    2.47  76.10


avg-cpu:  %user   %nice %system %iowait  %steal   %idle
          40.20    0.00   36.18   22.61    0.00    1.01

Device            r/s     rkB/s   rrqm/s  %rrqm r_await rareq-sz     w/s     wkB/s   wrqm/s  %wrqm w_await wareq-sz     d/s     dkB/s   drqm/s  %drqm d_await dareq-sz     f/s f_await  aqu-sz  %util
dm-0             0.00      0.00     0.00   0.00    0.00     0.00    0.00      0.00     0.00   0.00    0.00     0.00    0.00      0.00     0.00   0.00    0.00     0.00    0.00    0.00    0.00   0.00
loop0         1963.00 247192.00     0.00   0.00    2.54   125.93    0.00      0.00     0.00   0.00    0.00     0.00    0.00      0.00     0.00   0.00    0.00     0.00    0.00    0.00    4.98  97.40
sda           2047.00 248684.00     0.00   0.00    0.87   121.49   45.00    444.00    51.00  53.12    0.38     9.87    0.00      0.00     0.00   0.00    0.00     0.00   30.00    0.07    1.80  61.50


avg-cpu:  %user   %nice %system %iowait  %steal   %idle
          34.34    0.00   40.40   24.24    0.00    1.01

Device            r/s     rkB/s   rrqm/s  %rrqm r_await rareq-sz     w/s     wkB/s   wrqm/s  %wrqm w_await wareq-sz     d/s     dkB/s   drqm/s  %drqm d_await dareq-sz     f/s f_await  aqu-sz  %util
dm-0             0.00      0.00     0.00   0.00    0.00     0.00    0.00      0.00     0.00   0.00    0.00     0.00    0.00      0.00     0.00   0.00    0.00     0.00    0.00    0.00    0.00   0.00
loop0         1939.00 244344.00     0.00   0.00    2.37   126.02    2.00     16.00     2.00  50.00    1.00     8.00    0.00      0.00     0.00   0.00    0.00     0.00    2.00    1.00    4.60  95.90
sda           2030.00 245892.00     0.00   0.00    0.90   121.13   51.00    520.00    62.00  54.87    0.37    10.20    0.00      0.00     0.00   0.00    0.00     0.00   34.00    0.03    1.84  60.20


avg-cpu:  %user   %nice %system %iowait  %steal   %idle
           6.06    0.00   21.21   71.21    0.00    1.52

Device            r/s     rkB/s   rrqm/s  %rrqm r_await rareq-sz     w/s     wkB/s   wrqm/s  %wrqm w_await wareq-sz     d/s     dkB/s   drqm/s  %drqm d_await dareq-sz     f/s f_await  aqu-sz  %util
dm-0             0.00      0.00     0.00   0.00    0.00     0.00    0.00      0.00     0.00   0.00    0.00     0.00    0.00      0.00     0.00   0.00    0.00     0.00    0.00    0.00    0.00   0.00
loop0         1951.00 245312.00     0.00   0.00    2.52   125.74    2.00      8.00     0.00   0.00    1.00     4.00    0.00      0.00     0.00   0.00    0.00     0.00    0.00    0.00    4.91  96.90
sda           2034.00 245676.00     0.00   0.00    1.21   120.78   85.00    624.00    53.00  38.41    0.67     7.34    0.00      0.00     0.00   0.00    0.00     0.00   30.00    0.03    2.52  76.20


avg-cpu:  %user   %nice %system %iowait  %steal   %idle
           5.67    0.00   20.62   72.68    0.00    1.03

Device            r/s     rkB/s   rrqm/s  %rrqm r_await rareq-sz     w/s     wkB/s   wrqm/s  %wrqm w_await wareq-sz     d/s     dkB/s   drqm/s  %drqm d_await dareq-sz     f/s f_await  aqu-sz  %util
dm-0             0.00      0.00     0.00   0.00    0.00     0.00    0.00      0.00     0.00   0.00    0.00     0.00    0.00      0.00     0.00   0.00    0.00     0.00    0.00    0.00    0.00   0.00
loop0         1931.00 245600.00     0.00   0.00    1.68   127.19    0.00      0.00     0.00   0.00    0.00     0.00    0.00      0.00     0.00   0.00    0.00     0.00    0.00    0.00    3.25  96.60
sda           1964.00 245844.00     0.00   0.00    1.05   125.18   45.00    452.00    53.00  54.08    0.38    10.04    0.00      0.00     0.00   0.00    0.00     0.00   30.00    0.07    2.08  76.10


avg-cpu:  %user   %nice %system %iowait  %steal   %idle
           4.64    0.00   21.65   71.13    0.00    2.58

Device            r/s     rkB/s   rrqm/s  %rrqm r_await rareq-sz     w/s     wkB/s   wrqm/s  %wrqm w_await wareq-sz     d/s     dkB/s   drqm/s  %drqm d_await dareq-sz     f/s f_await  aqu-sz  %util
dm-0             0.00      0.00     0.00   0.00    0.00     0.00    0.00      0.00     0.00   0.00    0.00     0.00    0.00      0.00     0.00   0.00    0.00     0.00    0.00    0.00    0.00   0.00
loop0         1923.00 245456.00     0.00   0.00    0.96   127.64    0.00      0.00     0.00   0.00    0.00     0.00    0.00      0.00     0.00   0.00    0.00     0.00    0.00    0.00    1.85  95.80
sda           1949.00 245736.00     0.00   0.00    0.85   126.08   47.00    472.00    56.00  54.37    0.40    10.04    0.00      0.00     0.00   0.00    0.00     0.00   30.00    0.07    1.67  73.20


avg-cpu:  %user   %nice %system %iowait  %steal   %idle
           5.18    0.00   22.28   69.95    0.00    2.59

Device            r/s     rkB/s   rrqm/s  %rrqm r_await rareq-sz     w/s     wkB/s   wrqm/s  %wrqm w_await wareq-sz     d/s     dkB/s   drqm/s  %drqm d_await dareq-sz     f/s f_await  aqu-sz  %util
dm-0             0.00      0.00     0.00   0.00    0.00     0.00    0.00      0.00     0.00   0.00    0.00     0.00    0.00      0.00     0.00   0.00    0.00     0.00    0.00    0.00    0.00   0.00
loop0         1929.00 244428.00     0.00   0.00    2.02   126.71    0.00      0.00     0.00   0.00    0.00     0.00    0.00      0.00     0.00   0.00    0.00     0.00    0.00    0.00    3.90  94.90
sda           1995.00 245716.00     0.00   0.00    1.05   123.17   45.00    428.00    47.00  51.09    0.38     9.51    0.00      0.00     0.00   0.00    0.00     0.00   30.00    0.03    2.12  76.40


avg-cpu:  %user   %nice %system %iowait  %steal   %idle
           5.64    0.00   22.56   70.26    0.00    1.54

Device            r/s     rkB/s   rrqm/s  %rrqm r_await rareq-sz     w/s     wkB/s   wrqm/s  %wrqm w_await wareq-sz     d/s     dkB/s   drqm/s  %drqm d_await dareq-sz     f/s f_await  aqu-sz  %util
dm-0             0.00      0.00     0.00   0.00    0.00     0.00    0.00      0.00     0.00   0.00    0.00     0.00    0.00      0.00     0.00   0.00    0.00     0.00    0.00    0.00    0.00   0.00
loop0         1939.00 244584.00     0.00   0.00    2.58   126.14    2.00     28.00     5.00  71.43    1.50    14.00    0.00      0.00     0.00   0.00    0.00     0.00    2.00    2.00    5.02  95.90
sda           2033.00 245704.00     0.00   0.00    1.21   120.86   51.00    528.00    61.00  54.46    0.41    10.35    0.00      0.00     0.00   0.00    0.00     0.00   34.00    0.09    2.48  75.30


avg-cpu:  %user   %nice %system %iowait  %steal   %idle
           5.10    0.00   20.92   72.45    0.00    1.53

Device            r/s     rkB/s   rrqm/s  %rrqm r_await rareq-sz     w/s     wkB/s   wrqm/s  %wrqm w_await wareq-sz     d/s     dkB/s   drqm/s  %drqm d_await dareq-sz     f/s f_await  aqu-sz  %util
dm-0             0.00      0.00     0.00   0.00    0.00     0.00    0.00      0.00     0.00   0.00    0.00     0.00    0.00      0.00     0.00   0.00    0.00     0.00    0.00    0.00    0.00   0.00
loop0         1941.00 245684.00     0.00   0.00    2.35   126.58   15.00    200.00    29.00  65.91    2.07    13.33    0.00      0.00     0.00   0.00    0.00     0.00    0.00    0.00    4.59  96.90
sda           2004.00 246328.00     0.00   0.00    1.17   122.92   45.00    452.00    53.00  54.08    0.36    10.04    0.00      0.00     0.00   0.00    0.00     0.00   30.00    0.07    2.36  79.10


avg-cpu:  %user   %nice %system %iowait  %steal   %idle
           9.64    0.00   23.35   65.48    0.00    1.52

Device            r/s     rkB/s   rrqm/s  %rrqm r_await rareq-sz     w/s     wkB/s   wrqm/s  %wrqm w_await wareq-sz     d/s     dkB/s   drqm/s  %drqm d_await dareq-sz     f/s f_await  aqu-sz  %util
dm-0             0.00      0.00     0.00   0.00    0.00     0.00    0.00      0.00     0.00   0.00    0.00     0.00    0.00      0.00     0.00   0.00    0.00     0.00    0.00    0.00    0.00   0.00
loop0         1955.00 243112.00     0.00   0.00    2.65   124.35    0.00      0.00     0.00   0.00    0.00     0.00    0.00      0.00     0.00   0.00    0.00     0.00    0.00    0.00    5.19  95.60
sda           2077.00 245260.00     0.00   0.00    1.18   118.08   54.00    540.00    63.00  53.85    0.39    10.00    0.00      0.00     0.00   0.00    0.00     0.00   36.00    0.03    2.48  74.10


avg-cpu:  %user   %nice %system %iowait  %steal   %idle
           5.13    0.00   20.51   73.33    0.00    1.03

Device            r/s     rkB/s   rrqm/s  %rrqm r_await rareq-sz     w/s     wkB/s   wrqm/s  %wrqm w_await wareq-sz     d/s     dkB/s   drqm/s  %drqm d_await dareq-sz     f/s f_await  aqu-sz  %util
dm-0             0.00      0.00     0.00   0.00    0.00     0.00    0.00      0.00     0.00   0.00    0.00     0.00    0.00      0.00     0.00   0.00    0.00     0.00    0.00    0.00    0.00   0.00
loop0         1944.00 245684.00     0.00   0.00    2.37   126.38    2.00     16.00     2.00  50.00    5.00     8.00    0.00      0.00     0.00   0.00    0.00     0.00    0.00    0.00    4.62  97.90
sda           2022.00 246128.00     0.00   0.00    1.24   121.73  101.00    836.00    58.00  36.48    0.70     8.28    0.00      0.00     0.00   0.00    0.00     0.00   30.00    0.07    2.58  78.70


avg-cpu:  %user   %nice %system %iowait  %steal   %idle
           5.67    0.00   20.62   72.16    0.00    1.55

Device            r/s     rkB/s   rrqm/s  %rrqm r_await rareq-sz     w/s     wkB/s   wrqm/s  %wrqm w_await wareq-sz     d/s     dkB/s   drqm/s  %drqm d_await dareq-sz     f/s f_await  aqu-sz  %util
dm-0             0.00      0.00     0.00   0.00    0.00     0.00    0.00      0.00     0.00   0.00    0.00     0.00    0.00      0.00     0.00   0.00    0.00     0.00    0.00    0.00    0.00   0.00
loop0         1947.00 243468.00     0.00   0.00    2.61   125.05    1.00      0.00     0.00   0.00    1.00     0.00    0.00      0.00     0.00   0.00    0.00     0.00    1.00    2.00    5.08  95.40
sda           2085.00 245408.00     0.00   0.00    1.16   117.70   49.00    516.00    64.00  56.64    0.41    10.53    0.00      0.00     0.00   0.00    0.00     0.00   32.00    0.09    2.44  75.90


avg-cpu:  %user   %nice %system %iowait  %steal   %idle
           6.57    0.00   22.22   70.20    0.00    1.01

Device            r/s     rkB/s   rrqm/s  %rrqm r_await rareq-sz     w/s     wkB/s   wrqm/s  %wrqm w_await wareq-sz     d/s     dkB/s   drqm/s  %drqm d_await dareq-sz     f/s f_await  aqu-sz  %util
dm-0             0.00      0.00     0.00   0.00    0.00     0.00    0.00      0.00     0.00   0.00    0.00     0.00    0.00      0.00     0.00   0.00    0.00     0.00    0.00    0.00    0.00   0.00
loop0         1951.00 245128.00     0.00   0.00    2.37   125.64    0.00      0.00     0.00   0.00    0.00     0.00    0.00      0.00     0.00   0.00    0.00     0.00    0.00    0.00    4.63  97.10
sda           2027.00 245848.00     0.00   0.00    1.18   121.29   45.00    420.00    45.00  50.00    0.40     9.33    0.00      0.00     0.00   0.00    0.00     0.00   30.00    0.03    2.41  75.70


avg-cpu:  %user   %nice %system %iowait  %steal   %idle
          38.31    0.00   36.32   23.88    0.00    1.49

Device            r/s     rkB/s   rrqm/s  %rrqm r_await rareq-sz     w/s     wkB/s   wrqm/s  %wrqm w_await wareq-sz     d/s     dkB/s   drqm/s  %drqm d_await dareq-sz     f/s f_await  aqu-sz  %util
dm-0             0.00      0.00     0.00   0.00    0.00     0.00    0.00      0.00     0.00   0.00    0.00     0.00    0.00      0.00     0.00   0.00    0.00     0.00    0.00    0.00    0.00   0.00
loop0         1940.00 244616.00     0.00   0.00    2.53   126.09    2.00     36.00     7.00  77.78    2.00    18.00    0.00      0.00     0.00   0.00    0.00     0.00    2.00    1.50    4.91  95.60
sda           2028.00 245860.00     0.00   0.00    0.91   121.23   51.00    520.00    57.00  52.78    0.37    10.20    0.00      0.00     0.00   0.00    0.00     0.00   34.00    0.06    1.87  60.00


avg-cpu:  %user   %nice %system %iowait  %steal   %idle
          35.86    0.00   39.90   23.74    0.00    0.51

Device            r/s     rkB/s   rrqm/s  %rrqm r_await rareq-sz     w/s     wkB/s   wrqm/s  %wrqm w_await wareq-sz     d/s     dkB/s   drqm/s  %drqm d_await dareq-sz     f/s f_await  aqu-sz  %util
dm-0             0.00      0.00     0.00   0.00    0.00     0.00    0.00      0.00     0.00   0.00    0.00     0.00    0.00      0.00     0.00   0.00    0.00     0.00    0.00    0.00    0.00   0.00
loop0         1941.00 244916.00     0.00   0.00    2.33   126.18    0.00      0.00     0.00   0.00    0.00     0.00    0.00      0.00     0.00   0.00    0.00     0.00    0.00    0.00    4.52  97.00
sda           2019.00 245796.00     0.00   0.00    0.93   121.74   45.00    452.00    53.00  54.08    0.38    10.04    0.00      0.00     0.00   0.00    0.00     0.00   30.00    0.03    1.90  59.30


avg-cpu:  %user   %nice %system %iowait  %steal   %idle
           6.15    0.00   20.51   71.79    0.00    1.54

Device            r/s     rkB/s   rrqm/s  %rrqm r_await rareq-sz     w/s     wkB/s   wrqm/s  %wrqm w_await wareq-sz     d/s     dkB/s   drqm/s  %drqm d_await dareq-sz     f/s f_await  aqu-sz  %util
dm-0             0.00      0.00     0.00   0.00    0.00     0.00    0.00      0.00     0.00   0.00    0.00     0.00    0.00      0.00     0.00   0.00    0.00     0.00    0.00    0.00    0.00   0.00
loop0         1941.00 245432.00     0.00   0.00    2.17   126.45    0.00      0.00     0.00   0.00    0.00     0.00    0.00      0.00     0.00   0.00    0.00     0.00    0.00    0.00    4.22  95.90
sda           2002.00 245496.00     0.00   0.00    1.13   122.63   45.00    444.00    51.00  53.12    0.38     9.87    0.00      0.00     0.00   0.00    0.00     0.00   30.00    0.07    2.27  76.80


avg-cpu:  %user   %nice %system %iowait  %steal   %idle
           4.71    0.00   19.37   73.30    0.00    2.62

Device            r/s     rkB/s   rrqm/s  %rrqm r_await rareq-sz     w/s     wkB/s   wrqm/s  %wrqm w_await wareq-sz     d/s     dkB/s   drqm/s  %drqm d_await dareq-sz     f/s f_await  aqu-sz  %util
dm-0             0.00      0.00     0.00   0.00    0.00     0.00    0.00      0.00     0.00   0.00    0.00     0.00    0.00      0.00     0.00   0.00    0.00     0.00    0.00    0.00    0.00   0.00
loop0         1925.00 245456.00     0.00   0.00    0.96   127.51    0.00      0.00     0.00   0.00    0.00     0.00    0.00      0.00     0.00   0.00    0.00     0.00    0.00    0.00    1.85  96.30
sda           1956.00 245892.00     0.00   0.00    0.85   125.71   45.00    456.00    54.00  54.55    0.40    10.13    0.00      0.00     0.00   0.00    0.00     0.00   30.00    0.03    1.68  74.50


avg-cpu:  %user   %nice %system %iowait  %steal   %idle
           4.62    0.00   22.56   70.26    0.00    2.56

Device            r/s     rkB/s   rrqm/s  %rrqm r_await rareq-sz     w/s     wkB/s   wrqm/s  %wrqm w_await wareq-sz     d/s     dkB/s   drqm/s  %drqm d_await dareq-sz     f/s f_await  aqu-sz  %util
dm-0             0.00      0.00     0.00   0.00    0.00     0.00    0.00      0.00     0.00   0.00    0.00     0.00    0.00      0.00     0.00   0.00    0.00     0.00    0.00    0.00    0.00   0.00
loop0         1918.00 243996.00     0.00   0.00    1.72   127.21    0.00      0.00     0.00   0.00    0.00     0.00    0.00      0.00     0.00   0.00    0.00     0.00    0.00    0.00    3.30  93.90
sda           1971.00 245560.00     0.00   0.00    1.02   124.59   45.00    428.00    47.00  51.09    0.36     9.51    0.00      0.00     0.00   0.00    0.00     0.00   30.00    0.07    2.02  72.40


avg-cpu:  %user   %nice %system %iowait  %steal   %idle
           5.67    0.00   20.62   72.68    0.00    1.03

Device            r/s     rkB/s   rrqm/s  %rrqm r_await rareq-sz     w/s     wkB/s   wrqm/s  %wrqm w_await wareq-sz     d/s     dkB/s   drqm/s  %drqm d_await dareq-sz     f/s f_await  aqu-sz  %util
dm-0             0.00      0.00     0.00   0.00    0.00     0.00    0.00      0.00     0.00   0.00    0.00     0.00    0.00      0.00     0.00   0.00    0.00     0.00    0.00    0.00    0.00   0.00
loop0         1945.00 245184.00     0.00   0.00    2.43   126.06    2.00     16.00     2.00  50.00    1.50     8.00    0.00      0.00     0.00   0.00    0.00     0.00    2.00    1.50    4.73  97.20
sda           2032.00 246044.00     0.00   0.00    1.19   121.08   51.00    488.00    54.00  51.43    0.39     9.57    0.00      0.00     0.00   0.00    0.00     0.00   34.00    0.03    2.43  77.60


avg-cpu:  %user   %nice %system %iowait  %steal   %idle
           6.15    0.00   21.03   71.28    0.00    1.54

Device            r/s     rkB/s   rrqm/s  %rrqm r_await rareq-sz     w/s     wkB/s   wrqm/s  %wrqm w_await wareq-sz     d/s     dkB/s   drqm/s  %drqm d_await dareq-sz     f/s f_await  aqu-sz  %util
dm-0             0.00      0.00     0.00   0.00    0.00     0.00    0.00      0.00     0.00   0.00    0.00     0.00    0.00      0.00     0.00   0.00    0.00     0.00    0.00    0.00    0.00   0.00
loop0         1931.00 244472.00     0.00   0.00    2.55   126.60    0.00      0.00     0.00   0.00    0.00     0.00    0.00      0.00     0.00   0.00    0.00     0.00    0.00    0.00    4.93  96.30
sda           2006.00 245660.00     0.00   0.00    1.21   122.46   45.00    420.00    45.00  50.00    0.36     9.33    0.00      0.00     0.00   0.00    0.00     0.00   30.00    0.07    2.45  78.80


avg-cpu:  %user   %nice %system %iowait  %steal   %idle
           5.64    0.00   21.54   71.79    0.00    1.03

Device            r/s     rkB/s   rrqm/s  %rrqm r_await rareq-sz     w/s     wkB/s   wrqm/s  %wrqm w_await wareq-sz     d/s     dkB/s   drqm/s  %drqm d_await dareq-sz     f/s f_await  aqu-sz  %util
dm-0             0.00      0.00     0.00   0.00    0.00     0.00    0.00      0.00     0.00   0.00    0.00     0.00    0.00      0.00     0.00   0.00    0.00     0.00    0.00    0.00    0.00   0.00
loop0         1950.00 245056.00     0.00   0.00    2.41   125.67    0.00      0.00     0.00   0.00    0.00     0.00    0.00      0.00     0.00   0.00    0.00     0.00    0.00    0.00    4.69  97.50
sda           2058.00 245744.00     0.00   0.00    1.19   119.41   45.00    436.00    49.00  52.13    0.38     9.69    0.00      0.00     0.00   0.00    0.00     0.00   30.00    0.03    2.47  77.00


avg-cpu:  %user   %nice %system %iowait  %steal   %idle
           6.12    0.00   20.92   71.43    0.00    1.53

Device            r/s     rkB/s   rrqm/s  %rrqm r_await rareq-sz     w/s     wkB/s   wrqm/s  %wrqm w_await wareq-sz     d/s     dkB/s   drqm/s  %drqm d_await dareq-sz     f/s f_await  aqu-sz  %util
dm-0             0.00      0.00     0.00   0.00    0.00     0.00    0.00      0.00     0.00   0.00    0.00     0.00    0.00      0.00     0.00   0.00    0.00     0.00    0.00    0.00    0.00   0.00
loop0         1943.00 244728.00     0.00   0.00    2.55   125.95    0.00      0.00     0.00   0.00    0.00     0.00    0.00      0.00     0.00   0.00    0.00     0.00    0.00    0.00    4.96  96.80
sda           2044.00 245960.00     0.00   0.00    1.27   120.33   45.00    444.00    51.00  53.12    0.38     9.87    0.00      0.00     0.00   0.00    0.00     0.00   30.00    0.07    2.61  76.30


avg-cpu:  %user   %nice %system %iowait  %steal   %idle
           5.67    0.00   21.65   72.16    0.00    0.52

Device            r/s     rkB/s   rrqm/s  %rrqm r_await rareq-sz     w/s     wkB/s   wrqm/s  %wrqm w_await wareq-sz     d/s     dkB/s   drqm/s  %drqm d_await dareq-sz     f/s f_await  aqu-sz  %util
dm-0             0.00      0.00     0.00   0.00    0.00     0.00    0.00      0.00     0.00   0.00    0.00     0.00    0.00      0.00     0.00   0.00    0.00     0.00    0.00    0.00    0.00   0.00
loop0         1949.00 244928.00     0.00   0.00    2.41   125.67    0.00      0.00     0.00   0.00    0.00     0.00    0.00      0.00     0.00   0.00    0.00     0.00    0.00    0.00    4.71  97.20
sda           2048.00 245640.00     0.00   0.00    1.21   119.94   45.00    436.00    49.00  52.13    0.38     9.69    0.00      0.00     0.00   0.00    0.00     0.00   30.00    0.03    2.50  76.20


avg-cpu:  %user   %nice %system %iowait  %steal   %idle
           5.64    0.00   20.51   72.31    0.00    1.54

Device            r/s     rkB/s   rrqm/s  %rrqm r_await rareq-sz     w/s     wkB/s   wrqm/s  %wrqm w_await wareq-sz     d/s     dkB/s   drqm/s  %drqm d_await dareq-sz     f/s f_await  aqu-sz  %util
dm-0             0.00      0.00     0.00   0.00    0.00     0.00    0.00      0.00     0.00   0.00    0.00     0.00    0.00      0.00     0.00   0.00    0.00     0.00    0.00    0.00    0.00   0.00
loop0         1948.00 244560.00     0.00   0.00    2.57   125.54    0.00      0.00     0.00   0.00    0.00     0.00    0.00      0.00     0.00   0.00    0.00     0.00    0.00    0.00    5.01  96.40
sda           2051.00 245692.00     0.00   0.00    1.25   119.79   42.00    392.00    44.00  51.16    0.36     9.33    0.00      0.00     0.00   0.00    0.00     0.00   27.00    0.04    2.57  77.90


avg-cpu:  %user   %nice %system %iowait  %steal   %idle
           6.15    0.00   22.56   69.74    0.00    1.54

Device            r/s     rkB/s   rrqm/s  %rrqm r_await rareq-sz     w/s     wkB/s   wrqm/s  %wrqm w_await wareq-sz     d/s     dkB/s   drqm/s  %drqm d_await dareq-sz     f/s f_await  aqu-sz  %util
dm-0             0.00      0.00     0.00   0.00    0.00     0.00    0.00      0.00     0.00   0.00    0.00     0.00    0.00      0.00     0.00   0.00    0.00     0.00    0.00    0.00    0.00   0.00
loop0         1938.00 244672.00     0.00   0.00    2.37   126.25    2.00     16.00     2.00  50.00    1.50     8.00    0.00      0.00     0.00   0.00    0.00     0.00    2.00    1.50    4.60  96.30
sda           2011.00 245848.00     0.00   0.00    1.18   122.25   51.00    516.00    61.00  54.46    0.37    10.12    0.00      0.00     0.00   0.00    0.00     0.00   34.00    0.06    2.40  75.90


avg-cpu:  %user   %nice %system %iowait  %steal   %idle
          39.90    0.00   36.36   22.73    0.00    1.01

Device            r/s     rkB/s   rrqm/s  %rrqm r_await rareq-sz     w/s     wkB/s   wrqm/s  %wrqm w_await wareq-sz     d/s     dkB/s   drqm/s  %drqm d_await dareq-sz     f/s f_await  aqu-sz  %util
dm-0             0.00      0.00     0.00   0.00    0.00     0.00    0.00      0.00     0.00   0.00    0.00     0.00    0.00      0.00     0.00   0.00    0.00     0.00    0.00    0.00    0.00   0.00
loop0         1945.00 244600.00     0.00   0.00    2.55   125.76    0.00      0.00     0.00   0.00    0.00     0.00    0.00      0.00     0.00   0.00    0.00     0.00    0.00    0.00    4.96  95.80
sda           2042.00 245648.00     0.00   0.00    0.88   120.30   45.00    420.00    45.00  50.00    0.38     9.33    0.00      0.00     0.00   0.00    0.00     0.00   30.00    0.03    1.81  60.20


avg-cpu:  %user   %nice %system %iowait  %steal   %idle
          36.55    0.00   39.59   22.84    0.00    1.02

Device            r/s     rkB/s   rrqm/s  %rrqm r_await rareq-sz     w/s     wkB/s   wrqm/s  %wrqm w_await wareq-sz     d/s     dkB/s   drqm/s  %drqm d_await dareq-sz     f/s f_await  aqu-sz  %util
dm-0             0.00      0.00     0.00   0.00    0.00     0.00    0.00      0.00     0.00   0.00    0.00     0.00    0.00      0.00     0.00   0.00    0.00     0.00    0.00    0.00    0.00   0.00
loop0         1944.00 245440.00     0.00   0.00    2.34   126.26    0.00      0.00     0.00   0.00    0.00     0.00    0.00      0.00     0.00   0.00    0.00     0.00    0.00    0.00    4.56  96.50
sda           2007.00 245872.00     0.00   0.00    0.89   122.51   45.00    444.00    51.00  53.12    0.44     9.87    0.00      0.00     0.00   0.00    0.00     0.00   30.00    0.13    1.80  60.90


avg-cpu:  %user   %nice %system %iowait  %steal   %idle
           5.18    0.00   21.24   70.98    0.00    2.59

Device            r/s     rkB/s   rrqm/s  %rrqm r_await rareq-sz     w/s     wkB/s   wrqm/s  %wrqm w_await wareq-sz     d/s     dkB/s   drqm/s  %drqm d_await dareq-sz     f/s f_await  aqu-sz  %util
dm-0             0.00      0.00     0.00   0.00    0.00     0.00    0.00      0.00     0.00   0.00    0.00     0.00    0.00      0.00     0.00   0.00    0.00     0.00    0.00    0.00    0.00   0.00
loop0         1926.00 245464.00     0.00   0.00    1.03   127.45    0.00      0.00     0.00   0.00    0.00     0.00    0.00      0.00     0.00   0.00    0.00     0.00    0.00    0.00    1.99  94.80
sda           1965.00 245984.00     0.00   0.00    0.87   125.18   54.00    536.00    62.00  53.45    0.39     9.93    0.00      0.00     0.00   0.00    0.00     0.00   36.00    0.03    1.73  70.00


avg-cpu:  %user   %nice %system %iowait  %steal   %idle
           4.64    0.00   23.20   69.07    0.00    3.09

Device            r/s     rkB/s   rrqm/s  %rrqm r_await rareq-sz     w/s     wkB/s   wrqm/s  %wrqm w_await wareq-sz     d/s     dkB/s   drqm/s  %drqm d_await dareq-sz     f/s f_await  aqu-sz  %util
dm-0             0.00      0.00     0.00   0.00    0.00     0.00    0.00      0.00     0.00   0.00    0.00     0.00    0.00      0.00     0.00   0.00    0.00     0.00    0.00    0.00    0.00   0.00
loop0         1913.00 243796.00     0.00   0.00    1.30   127.44    0.00      0.00     0.00   0.00    0.00     0.00    0.00      0.00     0.00   0.00    0.00     0.00    0.00    0.00    2.48  94.10
sda           1957.00 245524.00     0.00   0.00    0.91   125.46   45.00    444.00    51.00  53.12    0.40     9.87    0.00      0.00     0.00   0.00    0.00     0.00   30.00    0.07    1.80  71.80


avg-cpu:  %user   %nice %system %iowait  %steal   %idle
           6.09    0.00   21.32   71.07    0.00    1.52

Device            r/s     rkB/s   rrqm/s  %rrqm r_await rareq-sz     w/s     wkB/s   wrqm/s  %wrqm w_await wareq-sz     d/s     dkB/s   drqm/s  %drqm d_await dareq-sz     f/s f_await  aqu-sz  %util
dm-0             0.00      0.00     0.00   0.00    0.00     0.00    0.00      0.00     0.00   0.00    0.00     0.00    0.00      0.00     0.00   0.00    0.00     0.00    0.00    0.00    0.00   0.00
loop0         1941.00 244856.00     0.00   0.00    2.44   126.15    2.00     16.00     2.00  50.00    1.50     8.00    0.00      0.00     0.00   0.00    0.00     0.00    2.00    1.50    4.75  96.90
sda           2015.00 245772.00     0.00   0.00    1.27   121.97   51.00    520.00    62.00  54.87    0.39    10.20    0.00      0.00     0.00   0.00    0.00     0.00   34.00    0.06    2.59  75.50


avg-cpu:  %user   %nice %system %iowait  %steal   %idle
           6.12    0.00   20.92   71.94    0.00    1.02

Device            r/s     rkB/s   rrqm/s  %rrqm r_await rareq-sz     w/s     wkB/s   wrqm/s  %wrqm w_await wareq-sz     d/s     dkB/s   drqm/s  %drqm d_await dareq-sz     f/s f_await  aqu-sz  %util
dm-0             0.00      0.00     0.00   0.00    0.00     0.00    0.00      0.00     0.00   0.00    0.00     0.00    0.00      0.00     0.00   0.00    0.00     0.00    0.00    0.00    0.00   0.00
loop0         1937.00 245184.00     0.00   0.00    2.52   126.58    0.00      0.00     0.00   0.00    0.00     0.00    0.00      0.00     0.00   0.00    0.00     0.00    0.00    0.00    4.89  96.80
sda           2008.00 245932.00     0.00   0.00    1.23   122.48   45.00    444.00    51.00  53.12    0.40     9.87    0.00      0.00     0.00   0.00    0.00     0.00   30.00    0.07    2.50  77.80


avg-cpu:  %user   %nice %system %iowait  %steal   %idle
           4.66    0.00   21.76   72.54    0.00    1.04

Device            r/s     rkB/s   rrqm/s  %rrqm r_await rareq-sz     w/s     wkB/s   wrqm/s  %wrqm w_await wareq-sz     d/s     dkB/s   drqm/s  %drqm d_await dareq-sz     f/s f_await  aqu-sz  %util
dm-0             0.00      0.00     0.00   0.00    0.00     0.00    0.00      0.00     0.00   0.00    0.00     0.00    0.00      0.00     0.00   0.00    0.00     0.00    0.00    0.00    0.00   0.00
loop0         1943.00 244344.00     0.00   0.00    2.45   125.76    0.00      0.00     0.00   0.00    0.00     0.00    0.00      0.00     0.00   0.00    0.00     0.00    0.00    0.00    4.77  97.10
sda           2053.00 245520.00     0.00   0.00    1.14   119.59   45.00    440.00    50.00  52.63    0.40     9.78    0.00      0.00     0.00   0.00    0.00     0.00   30.00    0.07    2.35  77.20


avg-cpu:  %user   %nice %system %iowait  %steal   %idle
           6.09    0.00   21.32   71.07    0.00    1.52

Device            r/s     rkB/s   rrqm/s  %rrqm r_await rareq-sz     w/s     wkB/s   wrqm/s  %wrqm w_await wareq-sz     d/s     dkB/s   drqm/s  %drqm d_await dareq-sz     f/s f_await  aqu-sz  %util
dm-0             0.00      0.00     0.00   0.00    0.00     0.00    0.00      0.00     0.00   0.00    0.00     0.00    0.00      0.00     0.00   0.00    0.00     0.00    0.00    0.00    0.00   0.00
loop0         1944.00 245440.00     0.00   0.00    2.51   126.26    0.00      0.00     0.00   0.00    0.00     0.00    0.00      0.00     0.00   0.00    0.00     0.00    0.00    0.00    4.88  97.20
sda           2019.00 245684.00     0.00   0.00    1.25   121.69   81.00    568.00    46.00  36.22    0.63     7.01    0.00      0.00     0.00   0.00    0.00     0.00   30.00    0.03    2.58  76.10


avg-cpu:  %user   %nice %system %iowait  %steal   %idle
           6.19    0.00   20.10   72.68    0.00    1.03

Device            r/s     rkB/s   rrqm/s  %rrqm r_await rareq-sz     w/s     wkB/s   wrqm/s  %wrqm w_await wareq-sz     d/s     dkB/s   drqm/s  %drqm d_await dareq-sz     f/s f_await  aqu-sz  %util
dm-0             0.00      0.00     0.00   0.00    0.00     0.00    0.00      0.00     0.00   0.00    0.00     0.00    0.00      0.00     0.00   0.00    0.00     0.00    0.00    0.00    0.00   0.00
loop0         1949.00 244600.00     0.00   0.00    2.48   125.50    0.00      0.00     0.00   0.00    0.00     0.00    0.00      0.00     0.00   0.00    0.00     0.00    0.00    0.00    4.83  97.00
sda           2066.00 245928.00     0.00   0.00    1.18   119.04   45.00    420.00    45.00  50.00    0.49     9.33    0.00      0.00     0.00   0.00    0.00     0.00   30.00    0.13    2.47  77.80


avg-cpu:  %user   %nice %system %iowait  %steal   %idle
           6.12    0.00   21.43   71.43    0.00    1.02

Device            r/s     rkB/s   rrqm/s  %rrqm r_await rareq-sz     w/s     wkB/s   wrqm/s  %wrqm w_await wareq-sz     d/s     dkB/s   drqm/s  %drqm d_await dareq-sz     f/s f_await  aqu-sz  %util
dm-0             0.00      0.00     0.00   0.00    0.00     0.00    0.00      0.00     0.00   0.00    0.00     0.00    0.00      0.00     0.00   0.00    0.00     0.00    0.00    0.00    0.00   0.00
loop0         1950.00 245016.00     0.00   0.00    2.51   125.65    1.00     12.00     2.00  66.67    0.00    12.00    0.00      0.00     0.00   0.00    0.00     0.00    0.00    0.00    4.90  97.00
sda           2040.00 245940.00     0.00   0.00    1.31   120.56   45.00    420.00    45.00  50.00    0.36     9.33    0.00      0.00     0.00   0.00    0.00     0.00   30.00    0.07    2.69  77.70


avg-cpu:  %user   %nice %system %iowait  %steal   %idle
           5.67    0.00   21.13   72.16    0.00    1.03

Device            r/s     rkB/s   rrqm/s  %rrqm r_await rareq-sz     w/s     wkB/s   wrqm/s  %wrqm w_await wareq-sz     d/s     dkB/s   drqm/s  %drqm d_await dareq-sz     f/s f_await  aqu-sz  %util
dm-0             0.00      0.00     0.00   0.00    0.00     0.00    0.00      0.00     0.00   0.00    0.00     0.00    0.00      0.00     0.00   0.00    0.00     0.00    0.00    0.00    0.00   0.00
loop0         1937.00 244088.00     0.00   0.00    2.45   126.01    1.00      4.00     0.00   0.00    3.00     4.00    0.00      0.00     0.00   0.00    0.00     0.00    2.00    1.50    4.74  96.00
sda           2023.00 245536.00     0.00   0.00    1.17   121.37   51.00    488.00    54.00  51.43    0.41     9.57    0.00      0.00     0.00   0.00    0.00     0.00   34.00    0.03    2.40  78.90


avg-cpu:  %user   %nice %system %iowait  %steal   %idle
           5.18    0.00   21.76   71.50    0.00    1.55

Device            r/s     rkB/s   rrqm/s  %rrqm r_await rareq-sz     w/s     wkB/s   wrqm/s  %wrqm w_await wareq-sz     d/s     dkB/s   drqm/s  %drqm d_await dareq-sz     f/s f_await  aqu-sz  %util
dm-0             0.00      0.00     0.00   0.00    0.00     0.00    0.00      0.00     0.00   0.00    0.00     0.00    0.00      0.00     0.00   0.00    0.00     0.00    0.00    0.00    0.00   0.00
loop0         1953.00 244748.00     0.00   0.00    2.50   125.32    0.00      0.00     0.00   0.00    0.00     0.00    0.00      0.00     0.00   0.00    0.00     0.00    0.00    0.00    4.87  96.40
sda           2030.00 245724.00     0.00   0.00    1.22   121.05   45.00    420.00    45.00  50.00    0.38     9.33    0.00      0.00     0.00   0.00    0.00     0.00   30.00    0.07    2.49  75.50


avg-cpu:  %user   %nice %system %iowait  %steal   %idle
          39.59    0.00   37.06   21.83    0.00    1.52

Device            r/s     rkB/s   rrqm/s  %rrqm r_await rareq-sz     w/s     wkB/s   wrqm/s  %wrqm w_await wareq-sz     d/s     dkB/s   drqm/s  %drqm d_await dareq-sz     f/s f_await  aqu-sz  %util
dm-0            12.00    380.00     0.00   0.00    1.83    31.67    0.00      0.00     0.00   0.00    0.00     0.00    0.00      0.00     0.00   0.00    0.00     0.00    0.00    0.00    0.02   0.90
loop0         1937.00 243832.00     0.00   0.00    2.42   125.88    0.00      0.00     0.00   0.00    0.00     0.00    0.00      0.00     0.00   0.00    0.00     0.00    0.00    0.00    4.68  96.70
sda           2048.00 245748.00   123.00   5.67    0.86   119.99   45.00    420.00    45.00  50.00    0.36     9.33    0.00      0.00     0.00   0.00    0.00     0.00   30.00    0.03    1.79  59.40


avg-cpu:  %user   %nice %system %iowait  %steal   %idle
          36.18    0.00   40.70   21.11    0.00    2.01

Device            r/s     rkB/s   rrqm/s  %rrqm r_await rareq-sz     w/s     wkB/s   wrqm/s  %wrqm w_await wareq-sz     d/s     dkB/s   drqm/s  %drqm d_await dareq-sz     f/s f_await  aqu-sz  %util
dm-0             0.00      0.00     0.00   0.00    0.00     0.00    0.00      0.00     0.00   0.00    0.00     0.00    0.00      0.00     0.00   0.00    0.00     0.00    0.00    0.00    0.00   0.00
loop0         1931.00 246040.00     0.00   0.00    1.38   127.42    0.00      0.00     0.00   0.00    0.00     0.00    0.00      0.00     0.00   0.00    0.00     0.00    0.00    0.00    2.67  96.30
sda           1955.00 246072.00     0.00   0.00    0.74   125.87   45.00    420.00    45.00  50.00    0.44     9.33    0.00      0.00     0.00   0.00    0.00     0.00   30.00    0.10    1.48  57.20


avg-cpu:  %user   %nice %system %iowait  %steal   %idle
           5.67    0.00   23.71   67.53    0.00    3.09

Device            r/s     rkB/s   rrqm/s  %rrqm r_await rareq-sz     w/s     wkB/s   wrqm/s  %wrqm w_await wareq-sz     d/s     dkB/s   drqm/s  %drqm d_await dareq-sz     f/s f_await  aqu-sz  %util
dm-0             0.00      0.00     0.00   0.00    0.00     0.00    0.00      0.00     0.00   0.00    0.00     0.00    0.00      0.00     0.00   0.00    0.00     0.00    0.00    0.00    0.00   0.00
loop0         1926.00 245840.00     0.00   0.00    0.96   127.64    0.00      0.00     0.00   0.00    0.00     0.00    0.00      0.00     0.00   0.00    0.00     0.00    0.00    0.00    1.85  96.40
sda           1948.00 245896.00     0.00   0.00    0.84   126.23   45.00    424.00    46.00  50.55    0.38     9.42    0.00      0.00     0.00   0.00    0.00     0.00   30.00    0.07    1.65  70.90


avg-cpu:  %user   %nice %system %iowait  %steal   %idle
           6.67    0.00   22.56   68.21    0.00    2.56

Device            r/s     rkB/s   rrqm/s  %rrqm r_await rareq-sz     w/s     wkB/s   wrqm/s  %wrqm w_await wareq-sz     d/s     dkB/s   drqm/s  %drqm d_await dareq-sz     f/s f_await  aqu-sz  %util
dm-0             0.00      0.00     0.00   0.00    0.00     0.00    0.00      0.00     0.00   0.00    0.00     0.00    0.00      0.00     0.00   0.00    0.00     0.00    0.00    0.00    0.00   0.00
loop0         1937.00 243844.00     0.00   0.00    2.47   125.89    2.00     16.00     2.00  50.00    2.00     8.00    0.00      0.00     0.00   0.00    0.00     0.00    2.00    2.00    4.79  93.10
sda           2029.00 245900.00     0.00   0.00    1.12   121.19   51.00    484.00    53.00  50.96    0.39     9.49    0.00      0.00     0.00   0.00    0.00     0.00   34.00    0.06    2.30  72.90


avg-cpu:  %user   %nice %system %iowait  %steal   %idle
           5.61    0.00   20.92   72.45    0.00    1.02

Device            r/s     rkB/s   rrqm/s  %rrqm r_await rareq-sz     w/s     wkB/s   wrqm/s  %wrqm w_await wareq-sz     d/s     dkB/s   drqm/s  %drqm d_await dareq-sz     f/s f_await  aqu-sz  %util
dm-0             0.00      0.00     0.00   0.00    0.00     0.00    0.00      0.00     0.00   0.00    0.00     0.00    0.00      0.00     0.00   0.00    0.00     0.00    0.00    0.00    0.00   0.00
loop0         1929.00 244784.00     0.00   0.00    2.38   126.90    3.00     40.00     2.00  40.00    2.67    13.33    0.00      0.00     0.00   0.00    0.00     0.00    1.00    2.00    4.61  97.40
sda           1995.00 245500.00     0.00   0.00    1.25   123.06   61.00    572.00    60.00  49.59    0.51     9.38    0.00      0.00     0.00   0.00    0.00     0.00   33.00    0.03    2.52  78.30


avg-cpu:  %user   %nice %system %iowait  %steal   %idle
           7.11    0.00   20.81   70.56    0.00    1.52

Device            r/s     rkB/s   rrqm/s  %rrqm r_await rareq-sz     w/s     wkB/s   wrqm/s  %wrqm w_await wareq-sz     d/s     dkB/s   drqm/s  %drqm d_await dareq-sz     f/s f_await  aqu-sz  %util
dm-0             0.00      0.00     0.00   0.00    0.00     0.00    0.00      0.00     0.00   0.00    0.00     0.00    0.00      0.00     0.00   0.00    0.00     0.00    0.00    0.00    0.00   0.00
loop0         1948.00 244872.00     0.00   0.00    2.57   125.70    0.00      0.00     0.00   0.00    0.00     0.00    0.00      0.00     0.00   0.00    0.00     0.00    0.00    0.00    5.01  96.60
sda           2052.00 245876.00     0.00   0.00    1.22   119.82   45.00    420.00    45.00  50.00    0.42     9.33    0.00      0.00     0.00   0.00    0.00     0.00   30.00    0.10    2.53  76.50


avg-cpu:  %user   %nice %system %iowait  %steal   %idle
           5.61    0.00   20.92   72.45    0.00    1.02

Device            r/s     rkB/s   rrqm/s  %rrqm r_await rareq-sz     w/s     wkB/s   wrqm/s  %wrqm w_await wareq-sz     d/s     dkB/s   drqm/s  %drqm d_await dareq-sz     f/s f_await  aqu-sz  %util
dm-0             0.00      0.00     0.00   0.00    0.00     0.00    0.00      0.00     0.00   0.00    0.00     0.00    0.00      0.00     0.00   0.00    0.00     0.00    0.00    0.00    0.00   0.00
loop0         1937.00 244628.00     0.00   0.00    2.40   126.29    0.00      0.00     0.00   0.00    0.00     0.00    0.00      0.00     0.00   0.00    0.00     0.00    0.00    0.00    4.64  97.60
sda           2011.00 245780.00     0.00   0.00    1.09   122.22   45.00    420.00    45.00  50.00    0.36     9.33    0.00      0.00     0.00   0.00    0.00     0.00   30.00    0.03    2.22  78.60


avg-cpu:  %user   %nice %system %iowait  %steal   %idle
           5.64    0.00   20.51   72.31    0.00    1.54

Device            r/s     rkB/s   rrqm/s  %rrqm r_await rareq-sz     w/s     wkB/s   wrqm/s  %wrqm w_await wareq-sz     d/s     dkB/s   drqm/s  %drqm d_await dareq-sz     f/s f_await  aqu-sz  %util
dm-0             0.00      0.00     0.00   0.00    0.00     0.00    0.00      0.00     0.00   0.00    0.00     0.00    0.00      0.00     0.00   0.00    0.00     0.00    0.00    0.00    0.00   0.00
loop0         1953.00 244672.00     0.00   0.00    2.59   125.28    0.00      0.00     0.00   0.00    0.00     0.00    0.00      0.00     0.00   0.00    0.00     0.00    0.00    0.00    5.06  95.60
sda           2083.00 245724.00     0.00   0.00    1.16   117.97   45.00    420.00    45.00  50.00    0.36     9.33    0.00      0.00     0.00   0.00    0.00     0.00   30.00    0.07    2.44  76.20


avg-cpu:  %user   %nice %system %iowait  %steal   %idle
           5.67    0.00   20.62   72.68    0.00    1.03

Device            r/s     rkB/s   rrqm/s  %rrqm r_await rareq-sz     w/s     wkB/s   wrqm/s  %wrqm w_await wareq-sz     d/s     dkB/s   drqm/s  %drqm d_await dareq-sz     f/s f_await  aqu-sz  %util
dm-0             0.00      0.00     0.00   0.00    0.00     0.00    0.00      0.00     0.00   0.00    0.00     0.00    0.00      0.00     0.00   0.00    0.00     0.00    0.00    0.00    0.00   0.00
loop0         1936.00 244444.00     0.00   0.00    2.36   126.26    1.00     32.00     7.00  87.50    0.00    32.00    0.00      0.00     0.00   0.00    0.00     0.00    0.00    0.00    4.56  97.10
sda           2018.00 244940.00     0.00   0.00    1.21   121.38   45.00    420.00    45.00  50.00    0.33     9.33    0.00      0.00     0.00   0.00    0.00     0.00   30.00    0.03    2.46  78.20


avg-cpu:  %user   %nice %system %iowait  %steal   %idle
           6.19    0.00   21.13   71.65    0.00    1.03

Device            r/s     rkB/s   rrqm/s  %rrqm r_await rareq-sz     w/s     wkB/s   wrqm/s  %wrqm w_await wareq-sz     d/s     dkB/s   drqm/s  %drqm d_await dareq-sz     f/s f_await  aqu-sz  %util
dm-0             0.00      0.00     0.00   0.00    0.00     0.00    0.00      0.00     0.00   0.00    0.00     0.00    0.00      0.00     0.00   0.00    0.00     0.00    0.00    0.00    0.00   0.00
loop0         1953.00 245016.00     0.00   0.00    2.55   125.46    6.00     24.00     0.00   0.00    1.83     4.00    0.00      0.00     0.00   0.00    0.00     0.00    2.00    1.50    4.99  96.80
sda           2050.00 246648.00     0.00   0.00    1.23   120.32   51.00    508.00    54.00  51.43    0.37     9.96    0.00      0.00     0.00   0.00    0.00     0.00   34.00    0.03    2.54  74.80


avg-cpu:  %user   %nice %system %iowait  %steal   %idle
           5.67    0.00   19.07   73.71    0.00    1.55

Device            r/s     rkB/s   rrqm/s  %rrqm r_await rareq-sz     w/s     wkB/s   wrqm/s  %wrqm w_await wareq-sz     d/s     dkB/s   drqm/s  %drqm d_await dareq-sz     f/s f_await  aqu-sz  %util
dm-0             0.00      0.00     0.00   0.00    0.00     0.00    0.00      0.00     0.00   0.00    0.00     0.00    0.00      0.00     0.00   0.00    0.00     0.00    0.00    0.00    0.00   0.00
loop0         1928.00 243576.00     0.00   0.00    2.39   126.34    0.00      0.00     0.00   0.00    0.00     0.00    0.00      0.00     0.00   0.00    0.00     0.00    0.00    0.00    4.60  96.50
sda           2000.00 244488.00     0.00   0.00    1.19   122.24   45.00    420.00    45.00  50.00    0.36     9.33    0.00      0.00     0.00   0.00    0.00     0.00   30.00    0.07    2.39  78.20


avg-cpu:  %user   %nice %system %iowait  %steal   %idle
           6.22    0.00   21.24   71.50    0.00    1.04

Device            r/s     rkB/s   rrqm/s  %rrqm r_await rareq-sz     w/s     wkB/s   wrqm/s  %wrqm w_await wareq-sz     d/s     dkB/s   drqm/s  %drqm d_await dareq-sz     f/s f_await  aqu-sz  %util
dm-0             0.00      0.00     0.00   0.00    0.00     0.00    0.00      0.00     0.00   0.00    0.00     0.00    0.00      0.00     0.00   0.00    0.00     0.00    0.00    0.00    0.00   0.00
loop0         1960.00 245824.00     0.00   0.00    2.57   125.42    0.00      0.00     0.00   0.00    0.00     0.00    0.00      0.00     0.00   0.00    0.00     0.00    0.00    0.00    5.04  96.60
sda           2076.00 247040.00     0.00   0.00    1.13   119.00   45.00    424.00    46.00  50.55    0.36     9.42    0.00      0.00     0.00   0.00    0.00     0.00   30.00    0.03    2.36  75.80


avg-cpu:  %user   %nice %system %iowait  %steal   %idle
          39.20    0.00   36.18   22.61    0.00    2.01

Device            r/s     rkB/s   rrqm/s  %rrqm r_await rareq-sz     w/s     wkB/s   wrqm/s  %wrqm w_await wareq-sz     d/s     dkB/s   drqm/s  %drqm d_await dareq-sz     f/s f_await  aqu-sz  %util
dm-0             0.00      0.00     0.00   0.00    0.00     0.00    0.00      0.00     0.00   0.00    0.00     0.00    0.00      0.00     0.00   0.00    0.00     0.00    0.00    0.00    0.00   0.00
loop0         1930.00 245472.00     0.00   0.00    1.70   127.19    0.00      0.00     0.00   0.00    0.00     0.00    0.00      0.00     0.00   0.00    0.00     0.00    0.00    0.00    3.29  96.80
sda           1964.00 245844.00     0.00   0.00    0.84   125.18   45.00    424.00    46.00  50.55    0.36     9.42    0.00      0.00     0.00   0.00    0.00     0.00   30.00    0.07    1.67  58.30


avg-cpu:  %user   %nice %system %iowait  %steal   %idle
          36.00    0.00   40.00   22.00    0.00    2.00

Device            r/s     rkB/s   rrqm/s  %rrqm r_await rareq-sz     w/s     wkB/s   wrqm/s  %wrqm w_await wareq-sz     d/s     dkB/s   drqm/s  %drqm d_await dareq-sz     f/s f_await  aqu-sz  %util
dm-0             0.00      0.00     0.00   0.00    0.00     0.00    0.00      0.00     0.00   0.00    0.00     0.00    0.00      0.00     0.00   0.00    0.00     0.00    0.00    0.00    0.00   0.00
loop0         1926.00 245840.00     0.00   0.00    0.94   127.64    0.00      0.00     0.00   0.00    0.00     0.00    0.00      0.00     0.00   0.00    0.00     0.00    0.00    0.00    1.81  95.00
sda           1947.00 245804.00     0.00   0.00    0.72   126.25   45.00    420.00    45.00  50.00    0.42     9.33    0.00      0.00     0.00   0.00    0.00     0.00   30.00    0.10    1.42  55.50


avg-cpu:  %user   %nice %system %iowait  %steal   %idle
           5.61    0.00   22.45   68.88    0.00    3.06

Device            r/s     rkB/s   rrqm/s  %rrqm r_await rareq-sz     w/s     wkB/s   wrqm/s  %wrqm w_await wareq-sz     d/s     dkB/s   drqm/s  %drqm d_await dareq-sz     f/s f_await  aqu-sz  %util
dm-0             0.00      0.00     0.00   0.00    0.00     0.00    0.00      0.00     0.00   0.00    0.00     0.00    0.00      0.00     0.00   0.00    0.00     0.00    0.00    0.00    0.00   0.00
loop0         1927.00 244172.00     0.00   0.00    1.99   126.71    2.00     16.00     2.00  50.00    2.00     8.00    0.00      0.00     0.00   0.00    0.00     0.00    2.00    1.50    3.85  93.90
sda           1996.00 245720.00     0.00   0.00    1.11   123.11   70.00    576.00    57.00  44.88    0.44     8.23    0.00      0.00     0.00   0.00    0.00     0.00   34.00    0.03    2.25  73.90


avg-cpu:  %user   %nice %system %iowait  %steal   %idle
           6.63    0.00   21.43   70.92    0.00    1.02

Device            r/s     rkB/s   rrqm/s  %rrqm r_await rareq-sz     w/s     wkB/s   wrqm/s  %wrqm w_await wareq-sz     d/s     dkB/s   drqm/s  %drqm d_await dareq-sz     f/s f_await  aqu-sz  %util
dm-0             0.00      0.00     0.00   0.00    0.00     0.00    0.00      0.00     0.00   0.00    0.00     0.00    0.00      0.00     0.00   0.00    0.00     0.00    0.00    0.00    0.00   0.00
loop0         1926.00 243176.00     0.00   0.00    2.61   126.26    0.00      0.00     0.00   0.00    0.00     0.00    0.00      0.00     0.00   0.00    0.00     0.00    0.00    0.00    5.03  95.70
sda           2007.00 244180.00     0.00   0.00    1.25   121.66   45.00    420.00    45.00  50.00    0.38     9.33    0.00      0.00     0.00   0.00    0.00     0.00   30.00    0.07    2.53  75.80


avg-cpu:  %user   %nice %system %iowait  %steal   %idle
           5.15    0.00   20.62   73.20    0.00    1.03

Device            r/s     rkB/s   rrqm/s  %rrqm r_await rareq-sz     w/s     wkB/s   wrqm/s  %wrqm w_await wareq-sz     d/s     dkB/s   drqm/s  %drqm d_await dareq-sz     f/s f_await  aqu-sz  %util
dm-0             0.00      0.00     0.00   0.00    0.00     0.00    0.00      0.00     0.00   0.00    0.00     0.00    0.00      0.00     0.00   0.00    0.00     0.00    0.00    0.00    0.00   0.00
loop0         1950.00 246704.00     0.00   0.00    2.34   126.51    0.00      0.00     0.00   0.00    0.00     0.00    0.00      0.00     0.00   0.00    0.00     0.00    0.00    0.00    4.57  97.40
sda           2025.00 247468.00     0.00   0.00    1.20   122.21   45.00    420.00    45.00  50.00    0.33     9.33    0.00      0.00     0.00   0.00    0.00     0.00   30.00    0.03    2.45  76.50


avg-cpu:  %user   %nice %system %iowait  %steal   %idle
           5.64    0.00   21.03   71.79    0.00    1.54

Device            r/s     rkB/s   rrqm/s  %rrqm r_await rareq-sz     w/s     wkB/s   wrqm/s  %wrqm w_await wareq-sz     d/s     dkB/s   drqm/s  %drqm d_await dareq-sz     f/s f_await  aqu-sz  %util
dm-0             0.00      0.00     0.00   0.00    0.00     0.00    0.00      0.00     0.00   0.00    0.00     0.00    0.00      0.00     0.00   0.00    0.00     0.00    0.00    0.00    0.00   0.00
loop0         1940.00 243336.00     0.00   0.00    2.61   125.43    0.00      0.00     0.00   0.00    0.00     0.00    0.00      0.00     0.00   0.00    0.00     0.00    0.00    0.00    5.06  97.00
sda           2065.00 245048.00     0.00   0.00    1.22   118.67   45.00    420.00    45.00  50.00    0.36     9.33    0.00      0.00     0.00   0.00    0.00     0.00   30.00    0.03    2.53  76.10


avg-cpu:  %user   %nice %system %iowait  %steal   %idle
           5.13    0.00   20.00   73.85    0.00    1.03

Device            r/s     rkB/s   rrqm/s  %rrqm r_await rareq-sz     w/s     wkB/s   wrqm/s  %wrqm w_await wareq-sz     d/s     dkB/s   drqm/s  %drqm d_await dareq-sz     f/s f_await  aqu-sz  %util
dm-0             0.00      0.00     0.00   0.00    0.00     0.00    0.00      0.00     0.00   0.00    0.00     0.00    0.00      0.00     0.00   0.00    0.00     0.00    0.00    0.00    0.00   0.00
loop0         1948.00 246192.00     0.00   0.00    2.36   126.38    0.00      0.00     0.00   0.00    0.00     0.00    0.00      0.00     0.00   0.00    0.00     0.00    0.00    0.00    4.60  97.40
sda           2025.00 246452.00     0.00   0.00    1.20   121.70   45.00    420.00    45.00  50.00    0.36     9.33    0.00      0.00     0.00   0.00    0.00     0.00   30.00    0.03    2.46  77.50


avg-cpu:  %user   %nice %system %iowait  %steal   %idle
           5.64    0.00   21.54   71.28    0.00    1.54

Device            r/s     rkB/s   rrqm/s  %rrqm r_await rareq-sz     w/s     wkB/s   wrqm/s  %wrqm w_await wareq-sz     d/s     dkB/s   drqm/s  %drqm d_await dareq-sz     f/s f_await  aqu-sz  %util
dm-0             0.00      0.00     0.00   0.00    0.00     0.00    0.00      0.00     0.00   0.00    0.00     0.00    0.00      0.00     0.00   0.00    0.00     0.00    0.00    0.00    0.00   0.00
loop0         1945.00 243720.00     0.00   0.00    2.60   125.31    2.00     16.00     2.00  50.00    1.00     8.00    0.00      0.00     0.00   0.00    0.00     0.00    2.00    1.50    5.07  95.90
sda           2067.00 244920.00     0.00   0.00    1.16   118.49   51.00    488.00    54.00  51.43    0.35     9.57    0.00      0.00     0.00   0.00    0.00     0.00   34.00    0.06    2.42  76.30


avg-cpu:  %user   %nice %system %iowait  %steal   %idle
           4.69    0.00   18.75   75.52    0.00    1.04

Device            r/s     rkB/s   rrqm/s  %rrqm r_await rareq-sz     w/s     wkB/s   wrqm/s  %wrqm w_await wareq-sz     d/s     dkB/s   drqm/s  %drqm d_await dareq-sz     f/s f_await  aqu-sz  %util
dm-0             0.00      0.00     0.00   0.00    0.00     0.00    0.00      0.00     0.00   0.00    0.00     0.00    0.00      0.00     0.00   0.00    0.00     0.00    0.00    0.00    0.00   0.00
loop0         1955.00 245256.00     0.00   0.00    2.38   125.45    0.00      0.00     0.00   0.00    0.00     0.00    0.00      0.00     0.00   0.00    0.00     0.00    0.00    0.00    4.65  97.30
sda           2048.00 246592.00     0.00   0.00    1.21   120.41   45.00    420.00    45.00  50.00    0.38     9.33    0.00      0.00     0.00   0.00    0.00     0.00   30.00    0.03    2.50  79.20


avg-cpu:  %user   %nice %system %iowait  %steal   %idle
           6.12    0.00   21.94   70.41    0.00    1.53

Device            r/s     rkB/s   rrqm/s  %rrqm r_await rareq-sz     w/s     wkB/s   wrqm/s  %wrqm w_await wareq-sz     d/s     dkB/s   drqm/s  %drqm d_await dareq-sz     f/s f_await  aqu-sz  %util
dm-0             0.00      0.00     0.00   0.00    0.00     0.00    0.00      0.00     0.00   0.00    0.00     0.00    0.00      0.00     0.00   0.00    0.00     0.00    0.00    0.00    0.00   0.00
loop0         1929.00 243464.00     0.00   0.00    2.59   126.21    0.00      0.00     0.00   0.00    0.00     0.00    0.00      0.00     0.00   0.00    0.00     0.00    0.00    0.00    5.00  96.80
sda           2013.00 244720.00     0.00   0.00    1.23   121.57   54.00    508.00    55.00  50.46    0.37     9.41    0.00      0.00     0.00   0.00    0.00     0.00   36.00    0.08    2.49  74.10


avg-cpu:  %user   %nice %system %iowait  %steal   %idle
           5.61    0.00   19.90   72.96    0.00    1.53

Device            r/s     rkB/s   rrqm/s  %rrqm r_await rareq-sz     w/s     wkB/s   wrqm/s  %wrqm w_await wareq-sz     d/s     dkB/s   drqm/s  %drqm d_await dareq-sz     f/s f_await  aqu-sz  %util
dm-0             0.00      0.00     0.00   0.00    0.00     0.00    0.00      0.00     0.00   0.00    0.00     0.00    0.00      0.00     0.00   0.00    0.00     0.00    0.00    0.00    0.00   0.00
loop0         1951.00 246064.00     0.00   0.00    2.36   126.12    0.00      0.00     0.00   0.00    0.00     0.00    0.00      0.00     0.00   0.00    0.00     0.00    0.00    0.00    4.60  97.80
sda           2032.00 246804.00     0.00   0.00    1.21   121.46   45.00    420.00    45.00  50.00    0.38     9.33    0.00      0.00     0.00   0.00    0.00     0.00   30.00    0.03    2.48  77.90


avg-cpu:  %user   %nice %system %iowait  %steal   %idle
           6.60    0.00   20.81   71.07    0.00    1.52

Device            r/s     rkB/s   rrqm/s  %rrqm r_await rareq-sz     w/s     wkB/s   wrqm/s  %wrqm w_await wareq-sz     d/s     dkB/s   drqm/s  %drqm d_await dareq-sz     f/s f_await  aqu-sz  %util
dm-0             0.00      0.00     0.00   0.00    0.00     0.00    0.00      0.00     0.00   0.00    0.00     0.00    0.00      0.00     0.00   0.00    0.00     0.00    0.00    0.00    0.00   0.00
loop0         1940.00 245432.00     0.00   0.00    2.19   126.51    0.00      0.00     0.00   0.00    0.00     0.00    0.00      0.00     0.00   0.00    0.00     0.00    0.00    0.00    4.25  95.80
sda           1989.00 245720.00     0.00   0.00    1.15   123.54   45.00    420.00    45.00  50.00    0.38     9.33    0.00      0.00     0.00   0.00    0.00     0.00   30.00    0.03    2.30  76.10


avg-cpu:  %user   %nice %system %iowait  %steal   %idle
          38.19    0.00   37.19   22.61    0.00    2.01

Device            r/s     rkB/s   rrqm/s  %rrqm r_await rareq-sz     w/s     wkB/s   wrqm/s  %wrqm w_await wareq-sz     d/s     dkB/s   drqm/s  %drqm d_await dareq-sz     f/s f_await  aqu-sz  %util
dm-0             0.00      0.00     0.00   0.00    0.00     0.00    0.00      0.00     0.00   0.00    0.00     0.00    0.00      0.00     0.00   0.00    0.00     0.00    0.00    0.00    0.00   0.00
loop0         1926.00 245456.00     0.00   0.00    0.95   127.44    1.00     12.00     2.00  66.67    0.00    12.00    0.00      0.00     0.00   0.00    0.00     0.00    0.00    0.00    1.84  95.70
sda           1959.00 245824.00     0.00   0.00    0.71   125.48   45.00    420.00    45.00  50.00    0.40     9.33    0.00      0.00     0.00   0.00    0.00     0.00   30.00    0.13    1.41  54.40


avg-cpu:  %user   %nice %system %iowait  %steal   %idle
          37.06    0.00   41.12   20.81    0.00    1.02

Device            r/s     rkB/s   rrqm/s  %rrqm r_await rareq-sz     w/s     wkB/s   wrqm/s  %wrqm w_await wareq-sz     d/s     dkB/s   drqm/s  %drqm d_await dareq-sz     f/s f_await  aqu-sz  %util
dm-0             0.00      0.00     0.00   0.00    0.00     0.00    0.00      0.00     0.00   0.00    0.00     0.00    0.00      0.00     0.00   0.00    0.00     0.00    0.00    0.00    0.00   0.00
loop0         1919.00 244124.00     0.00   0.00    1.59   127.21    1.00      4.00     0.00   0.00    3.00     4.00    0.00      0.00     0.00   0.00    0.00     0.00    2.00    1.50    3.05  92.90
sda           1973.00 245816.00     0.00   0.00    0.73   124.59   51.00    484.00    53.00  50.96    0.35     9.49    0.00      0.00     0.00   0.00    0.00     0.00   34.00    0.03    1.46  56.60


avg-cpu:  %user   %nice %system %iowait  %steal   %idle
           6.06    0.00   21.72   71.21    0.00    1.01

Device            r/s     rkB/s   rrqm/s  %rrqm r_await rareq-sz     w/s     wkB/s   wrqm/s  %wrqm w_await wareq-sz     d/s     dkB/s   drqm/s  %drqm d_await dareq-sz     f/s f_await  aqu-sz  %util
dm-0             0.00      0.00     0.00   0.00    0.00     0.00    0.00      0.00     0.00   0.00    0.00     0.00    0.00      0.00     0.00   0.00    0.00     0.00    0.00    0.00    0.00   0.00
loop0         1942.00 244800.00     0.00   0.00    2.47   126.06    0.00      0.00     0.00   0.00    0.00     0.00    0.00      0.00     0.00   0.00    0.00     0.00    0.00    0.00    4.80  96.60
sda           2014.00 245660.00     0.00   0.00    1.23   121.98   45.00    420.00    45.00  50.00    0.38     9.33    0.00      0.00     0.00   0.00    0.00     0.00   30.00    0.07    2.49  75.20


avg-cpu:  %user   %nice %system %iowait  %steal   %idle
           5.21    0.00   20.31   72.92    0.00    1.56

Device            r/s     rkB/s   rrqm/s  %rrqm r_await rareq-sz     w/s     wkB/s   wrqm/s  %wrqm w_await wareq-sz     d/s     dkB/s   drqm/s  %drqm d_await dareq-sz     f/s f_await  aqu-sz  %util
dm-0             0.00      0.00     0.00   0.00    0.00     0.00    0.00      0.00     0.00   0.00    0.00     0.00    0.00      0.00     0.00   0.00    0.00     0.00    0.00    0.00    0.00   0.00
loop0         1933.00 244728.00     0.00   0.00    2.51   126.61    0.00      0.00     0.00   0.00    0.00     0.00    0.00      0.00     0.00   0.00    0.00     0.00    0.00    0.00    4.84  96.80
sda           2007.00 245788.00     0.00   0.00    1.14   122.47   45.00    420.00    45.00  50.00    0.38     9.33    0.00      0.00     0.00   0.00    0.00     0.00   30.00    0.03    2.31  78.30


avg-cpu:  %user   %nice %system %iowait  %steal   %idle
           5.18    0.00   20.73   73.06    0.00    1.04

Device            r/s     rkB/s   rrqm/s  %rrqm r_await rareq-sz     w/s     wkB/s   wrqm/s  %wrqm w_await wareq-sz     d/s     dkB/s   drqm/s  %drqm d_await dareq-sz     f/s f_await  aqu-sz  %util
dm-0             0.00      0.00     0.00   0.00    0.00     0.00    0.00      0.00     0.00   0.00    0.00     0.00    0.00      0.00     0.00   0.00    0.00     0.00    0.00    0.00    0.00   0.00
loop0         1947.00 244672.00     0.00   0.00    2.46   125.67    0.00      0.00     0.00   0.00    0.00     0.00    0.00      0.00     0.00   0.00    0.00     0.00    0.00    0.00    4.79  96.90
sda           2052.00 245744.00     0.00   0.00    1.15   119.76   45.00    420.00    45.00  50.00    0.38     9.33    0.00      0.00     0.00   0.00    0.00     0.00   30.00    0.07    2.37  78.20


avg-cpu:  %user   %nice %system %iowait  %steal   %idle
           6.19    0.00   20.10   72.16    0.00    1.55

Device            r/s     rkB/s   rrqm/s  %rrqm r_await rareq-sz     w/s     wkB/s   wrqm/s  %wrqm w_await wareq-sz     d/s     dkB/s   drqm/s  %drqm d_await dareq-sz     f/s f_await  aqu-sz  %util
dm-0             0.00      0.00     0.00   0.00    0.00     0.00    0.00      0.00     0.00   0.00    0.00     0.00    0.00      0.00     0.00   0.00    0.00     0.00    0.00    0.00    0.00   0.00
loop0         1946.00 245112.00     0.00   0.00    2.51   125.96    0.00      0.00     0.00   0.00    0.00     0.00    0.00      0.00     0.00   0.00    0.00     0.00    0.00    0.00    4.88  96.70
sda           2044.00 245688.00     0.00   0.00    1.19   120.20   45.00    420.00    45.00  50.00    0.38     9.33    0.00      0.00     0.00   0.00    0.00     0.00   30.00    0.03    2.45  79.00


avg-cpu:  %user   %nice %system %iowait  %steal   %idle
           6.22    0.00   20.21   72.54    0.00    1.04

Device            r/s     rkB/s   rrqm/s  %rrqm r_await rareq-sz     w/s     wkB/s   wrqm/s  %wrqm w_await wareq-sz     d/s     dkB/s   drqm/s  %drqm d_await dareq-sz     f/s f_await  aqu-sz  %util
dm-0             0.00      0.00     0.00   0.00    0.00     0.00    0.00      0.00     0.00   0.00    0.00     0.00    0.00      0.00     0.00   0.00    0.00     0.00    0.00    0.00    0.00   0.00
loop0         1949.00 244928.00     0.00   0.00    2.44   125.67    2.00     16.00     2.00  50.00    2.00     8.00    0.00      0.00     0.00   0.00    0.00     0.00    2.00    1.50    4.76  96.50
sda           2043.00 245784.00     0.00   0.00    1.27   120.31   51.00    488.00    54.00  51.43    0.37     9.57    0.00      0.00     0.00   0.00    0.00     0.00   34.00    0.06    2.61  76.70


avg-cpu:  %user   %nice %system %iowait  %steal   %idle
           5.15    0.00   21.65   72.16    0.00    1.03

Device            r/s     rkB/s   rrqm/s  %rrqm r_await rareq-sz     w/s     wkB/s   wrqm/s  %wrqm w_await wareq-sz     d/s     dkB/s   drqm/s  %drqm d_await dareq-sz     f/s f_await  aqu-sz  %util
dm-0             0.00      0.00     0.00   0.00    0.00     0.00    0.00      0.00     0.00   0.00    0.00     0.00    0.00      0.00     0.00   0.00    0.00     0.00    0.00    0.00    0.00   0.00
loop0         1946.00 244304.00     0.00   0.00    2.51   125.54    0.00      0.00     0.00   0.00    0.00     0.00    0.00      0.00     0.00   0.00    0.00     0.00    0.00    0.00    4.89  96.70
sda           2054.00 245820.00     0.00   0.00    1.18   119.68   45.00    420.00    45.00  50.00    0.38     9.33    0.00      0.00     0.00   0.00    0.00     0.00   30.00    0.07    2.45  75.60


avg-cpu:  %user   %nice %system %iowait  %steal   %idle
           8.21    0.00   22.56   67.69    0.00    1.54

Device            r/s     rkB/s   rrqm/s  %rrqm r_await rareq-sz     w/s     wkB/s   wrqm/s  %wrqm w_await wareq-sz     d/s     dkB/s   drqm/s  %drqm d_await dareq-sz     f/s f_await  aqu-sz  %util
dm-0             0.00      0.00     0.00   0.00    0.00     0.00    0.00      0.00     0.00   0.00    0.00     0.00    0.00      0.00     0.00   0.00    0.00     0.00    0.00    0.00    0.00   0.00
loop0         1940.00 244928.00     0.00   0.00    2.42   126.25    0.00      0.00     0.00   0.00    0.00     0.00    0.00      0.00     0.00   0.00    0.00     0.00    0.00    0.00    4.70  96.60
sda           2012.00 245848.00     0.00   0.00    1.14   122.19   45.00    424.00    46.00  50.55    0.36     9.42    0.00      0.00     0.00   0.00    0.00     0.00   30.00    0.03    2.31  76.00


avg-cpu:  %user   %nice %system %iowait  %steal   %idle
           5.18    0.00   21.24   72.02    0.00    1.55

Device            r/s     rkB/s   rrqm/s  %rrqm r_await rareq-sz     w/s     wkB/s   wrqm/s  %wrqm w_await wareq-sz     d/s     dkB/s   drqm/s  %drqm d_await dareq-sz     f/s f_await  aqu-sz  %util
dm-0             0.00      0.00     0.00   0.00    0.00     0.00    0.00      0.00     0.00   0.00    0.00     0.00    0.00      0.00     0.00   0.00    0.00     0.00    0.00    0.00    0.00   0.00
loop0         1947.00 244856.00     0.00   0.00    2.51   125.76    0.00      0.00     0.00   0.00    0.00     0.00    0.00      0.00     0.00   0.00    0.00     0.00    0.00    0.00    4.89  96.80
sda           2042.00 245648.00     0.00   0.00    1.25   120.30   91.00    620.00    46.00  33.58    0.78     6.81    0.00      0.00     0.00   0.00    0.00     0.00   30.00    0.07    2.63  75.90


avg-cpu:  %user   %nice %system %iowait  %steal   %idle
           6.57    0.00   21.72   70.71    0.00    1.01

Device            r/s     rkB/s   rrqm/s  %rrqm r_await rareq-sz     w/s     wkB/s   wrqm/s  %wrqm w_await wareq-sz     d/s     dkB/s   drqm/s  %drqm d_await dareq-sz     f/s f_await  aqu-sz  %util
dm-0             0.00      0.00     0.00   0.00    0.00     0.00    0.00      0.00     0.00   0.00    0.00     0.00    0.00      0.00     0.00   0.00    0.00     0.00    0.00    0.00    0.00   0.00
loop0         1941.00 245056.00     0.00   0.00    2.42   126.25    1.00      0.00     0.00   0.00    0.00     0.00    0.00      0.00     0.00   0.00    0.00     0.00    1.00    0.00    4.69  96.90
sda           2003.00 245744.00     0.00   0.00    1.20   122.69   46.00    420.00    45.00  49.45    0.37     9.13    0.00      0.00     0.00   0.00    0.00     0.00   31.00    0.03    2.43  75.80


avg-cpu:  %user   %nice %system %iowait  %steal   %idle
           4.62    0.00   21.54   71.28    0.00    2.56

Device            r/s     rkB/s   rrqm/s  %rrqm r_await rareq-sz     w/s     wkB/s   wrqm/s  %wrqm w_await wareq-sz     d/s     dkB/s   drqm/s  %drqm d_await dareq-sz     f/s f_await  aqu-sz  %util
dm-0             0.00      0.00     0.00   0.00    0.00     0.00    0.00      0.00     0.00   0.00    0.00     0.00    0.00      0.00     0.00   0.00    0.00     0.00    0.00    0.00    0.00   0.00
loop0         1926.00 245464.00     0.00   0.00    1.06   127.45    4.00     80.00     9.00  69.23    0.50    20.00    0.00      0.00     0.00   0.00    0.00     0.00    0.00    0.00    2.04  94.50
sda           1958.00 245916.00     0.00   0.00    0.89   125.60   44.00    412.00    46.00  51.11    0.45     9.36    0.00      0.00     0.00   0.00    0.00     0.00   29.00    0.07    1.77  71.50


avg-cpu:  %user   %nice %system %iowait  %steal   %idle
          35.86    0.00   41.41   20.71    0.00    2.02

Device            r/s     rkB/s   rrqm/s  %rrqm r_await rareq-sz     w/s     wkB/s   wrqm/s  %wrqm w_await wareq-sz     d/s     dkB/s   drqm/s  %drqm d_await dareq-sz     f/s f_await  aqu-sz  %util
dm-0             0.00      0.00     0.00   0.00    0.00     0.00    0.00      0.00     0.00   0.00    0.00     0.00    0.00      0.00     0.00   0.00    0.00     0.00    0.00    0.00    0.00   0.00
loop0         1916.00 244056.00     0.00   0.00    1.22   127.38    1.00      4.00     0.00   0.00    3.00     4.00    0.00      0.00     0.00   0.00    0.00     0.00    2.00    1.50    2.34  93.80
sda           1959.00 245652.00     0.00   0.00    0.74   125.40   54.00    568.00    57.00  51.35    0.43    10.52    0.00      0.00     0.00   0.00    0.00     0.00   34.00    0.03    1.47  56.20


avg-cpu:  %user   %nice %system %iowait  %steal   %idle
          39.49    0.00   35.90   24.10    0.00    0.51

Device            r/s     rkB/s   rrqm/s  %rrqm r_await rareq-sz     w/s     wkB/s   wrqm/s  %wrqm w_await wareq-sz     d/s     dkB/s   drqm/s  %drqm d_await dareq-sz     f/s f_await  aqu-sz  %util
dm-0             0.00      0.00     0.00   0.00    0.00     0.00    0.00      0.00     0.00   0.00    0.00     0.00    0.00      0.00     0.00   0.00    0.00     0.00    0.00    0.00    0.00   0.00
loop0         1900.00 239736.00     0.00   0.00    2.33   126.18    0.00      0.00     0.00   0.00    0.00     0.00    0.00      0.00     0.00   0.00    0.00     0.00    0.00    0.00    4.44  96.70
sda           1981.00 240876.00     0.00   0.00    1.01   121.59   45.00    420.00    45.00  50.00    0.44     9.33    0.00      0.00     0.00   0.00    0.00     0.00   30.00    0.10    2.02  64.50


avg-cpu:  %user   %nice %system %iowait  %steal   %idle
           6.77    0.00   21.35   70.31    0.00    1.56

Device            r/s     rkB/s   rrqm/s  %rrqm r_await rareq-sz     w/s     wkB/s   wrqm/s  %wrqm w_await wareq-sz     d/s     dkB/s   drqm/s  %drqm d_await dareq-sz     f/s f_await  aqu-sz  %util
dm-0             0.00      0.00     0.00   0.00    0.00     0.00    0.00      0.00     0.00   0.00    0.00     0.00    0.00      0.00     0.00   0.00    0.00     0.00    0.00    0.00    0.00   0.00
loop0         1979.00 250312.00     0.00   0.00    2.52   126.48    0.00      0.00     0.00   0.00    0.00     0.00    0.00      0.00     0.00   0.00    0.00     0.00    0.00    0.00    4.98  96.20
sda           2047.00 250840.00     0.00   0.00    1.17   122.54   45.00    420.00    45.00  50.00    0.42     9.33    0.00      0.00     0.00   0.00    0.00     0.00   30.00    0.03    2.43  78.10


avg-cpu:  %user   %nice %system %iowait  %steal   %idle
           6.22    0.00   19.69   72.54    0.00    1.55

Device            r/s     rkB/s   rrqm/s  %rrqm r_await rareq-sz     w/s     wkB/s   wrqm/s  %wrqm w_await wareq-sz     d/s     dkB/s   drqm/s  %drqm d_await dareq-sz     f/s f_await  aqu-sz  %util
dm-0             0.00      0.00     0.00   0.00    0.00     0.00    0.00      0.00     0.00   0.00    0.00     0.00    0.00      0.00     0.00   0.00    0.00     0.00    0.00    0.00    0.00   0.00
loop0         1935.00 243448.00     0.00   0.00    2.39   125.81    0.00      0.00     0.00   0.00    0.00     0.00    0.00      0.00     0.00   0.00    0.00     0.00    0.00    0.00    4.63  96.20
sda           2035.00 244592.00     0.00   0.00    1.19   120.19   45.00    420.00    45.00  50.00    0.44     9.33    0.00      0.00     0.00   0.00    0.00     0.00   30.00    0.07    2.44  78.90


avg-cpu:  %user   %nice %system %iowait  %steal   %idle
           6.28    0.00   19.90   72.77    0.00    1.05

Device            r/s     rkB/s   rrqm/s  %rrqm r_await rareq-sz     w/s     wkB/s   wrqm/s  %wrqm w_await wareq-sz     d/s     dkB/s   drqm/s  %drqm d_await dareq-sz     f/s f_await  aqu-sz  %util
dm-0             0.00      0.00     0.00   0.00    0.00     0.00    0.00      0.00     0.00   0.00    0.00     0.00    0.00      0.00     0.00   0.00    0.00     0.00    0.00    0.00    0.00   0.00
loop0         1954.00 246592.00     0.00   0.00    2.54   126.20    9.00     60.00     6.00  40.00    3.11     6.67    0.00      0.00     0.00   0.00    0.00     0.00    0.00    0.00    5.00  96.70
sda           2031.00 246868.00     0.00   0.00    1.26   121.55   45.00    424.00    47.00  51.09    0.42     9.42    0.00      0.00     0.00   0.00    0.00     0.00   30.00    0.07    2.58  79.00


avg-cpu:  %user   %nice %system %iowait  %steal   %idle
           5.73    0.00   19.27   73.44    0.00    1.56

Device            r/s     rkB/s   rrqm/s  %rrqm r_await rareq-sz     w/s     wkB/s   wrqm/s  %wrqm w_await wareq-sz     d/s     dkB/s   drqm/s  %drqm d_await dareq-sz     f/s f_await  aqu-sz  %util
dm-0             0.00      0.00     0.00   0.00    0.00     0.00    0.00      0.00     0.00   0.00    0.00     0.00    0.00      0.00     0.00   0.00    0.00     0.00    0.00    0.00    0.00   0.00
loop0         1941.00 243576.00     0.00   0.00    2.42   125.49    1.00      4.00     0.00   0.00    4.00     4.00    0.00      0.00     0.00   0.00    0.00     0.00    2.00    1.50    4.70  96.80
sda           2064.00 245608.00     0.00   0.00    1.14   119.00   59.00    544.00    56.00  48.70    0.47     9.22    0.00      0.00     0.00   0.00    0.00     0.00   34.00    0.06    2.37  79.00


avg-cpu:  %user   %nice %system %iowait  %steal   %idle
           5.64    0.00   21.03   72.31    0.00    1.03

Device            r/s     rkB/s   rrqm/s  %rrqm r_await rareq-sz     w/s     wkB/s   wrqm/s  %wrqm w_await wareq-sz     d/s     dkB/s   drqm/s  %drqm d_await dareq-sz     f/s f_await  aqu-sz  %util
dm-0             0.00      0.00     0.00   0.00    0.00     0.00    0.00      0.00     0.00   0.00    0.00     0.00    0.00      0.00     0.00   0.00    0.00     0.00    0.00    0.00    0.00   0.00
loop0         1954.00 245528.00     0.00   0.00    2.53   125.65    0.00      0.00     0.00   0.00    0.00     0.00    0.00      0.00     0.00   0.00    0.00     0.00    0.00    0.00    4.95  97.00
sda           2042.00 245876.00     0.00   0.00    1.22   120.41   45.00    420.00    45.00  50.00    0.42     9.33    0.00      0.00     0.00   0.00    0.00     0.00   30.00    0.07    2.51  76.10


avg-cpu:  %user   %nice %system %iowait  %steal   %idle
           5.67    0.00   21.13   71.65    0.00    1.55

Device            r/s     rkB/s   rrqm/s  %rrqm r_await rareq-sz     w/s     wkB/s   wrqm/s  %wrqm w_await wareq-sz     d/s     dkB/s   drqm/s  %drqm d_await dareq-sz     f/s f_await  aqu-sz  %util
dm-0             0.00      0.00     0.00   0.00    0.00     0.00    0.00      0.00     0.00   0.00    0.00     0.00    0.00      0.00     0.00   0.00    0.00     0.00    0.00    0.00    0.00   0.00
loop0         1932.00 243576.00     0.00   0.00    2.41   126.07    0.00      0.00     0.00   0.00    0.00     0.00    0.00      0.00     0.00   0.00    0.00     0.00    0.00    0.00    4.66  96.10
sda           2018.00 245024.00     0.00   0.00    1.24   121.42   45.00    420.00    45.00  50.00    0.47     9.33    0.00      0.00     0.00   0.00    0.00     0.00   30.00    0.07    2.53  77.20


avg-cpu:  %user   %nice %system %iowait  %steal   %idle
           6.19    0.00   20.62   72.16    0.00    1.03

Device            r/s     rkB/s   rrqm/s  %rrqm r_await rareq-sz     w/s     wkB/s   wrqm/s  %wrqm w_await wareq-sz     d/s     dkB/s   drqm/s  %drqm d_await dareq-sz     f/s f_await  aqu-sz  %util
dm-0             0.00      0.00     0.00   0.00    0.00     0.00    0.00      0.00     0.00   0.00    0.00     0.00    0.00      0.00     0.00   0.00    0.00     0.00    0.00    0.00    0.00   0.00
loop0         1953.00 245952.00     0.00   0.00    2.53   125.94    0.00      0.00     0.00   0.00    0.00     0.00    0.00      0.00     0.00   0.00    0.00     0.00    0.00    0.00    4.94  97.00
sda           2032.00 246496.00     0.00   0.00    1.24   121.31   45.00    420.00    45.00  50.00    0.44     9.33    0.00      0.00     0.00   0.00    0.00     0.00   30.00    0.07    2.54  77.40


avg-cpu:  %user   %nice %system %iowait  %steal   %idle
           5.61    0.00   21.94   70.41    0.00    2.04

Device            r/s     rkB/s   rrqm/s  %rrqm r_await rareq-sz     w/s     wkB/s   wrqm/s  %wrqm w_await wareq-sz     d/s     dkB/s   drqm/s  %drqm d_await dareq-sz     f/s f_await  aqu-sz  %util
dm-0             0.00      0.00     0.00   0.00    0.00     0.00    0.00      0.00     0.00   0.00    0.00     0.00    0.00      0.00     0.00   0.00    0.00     0.00    0.00    0.00    0.00   0.00
loop0         1943.00 244600.00     0.00   0.00    2.38   125.89    1.00     12.00     2.00  66.67    0.00    12.00    0.00      0.00     0.00   0.00    0.00     0.00    0.00    0.00    4.62  95.90
sda           2038.00 245896.00     0.00   0.00    1.15   120.66   50.00    440.00    45.00  47.37    0.46     8.80    0.00      0.00     0.00   0.00    0.00     0.00   30.00    0.07    2.37  76.10


avg-cpu:  %user   %nice %system %iowait  %steal   %idle
           3.68    0.00   21.05   73.68    0.00    1.58

Device            r/s     rkB/s   rrqm/s  %rrqm r_await rareq-sz     w/s     wkB/s   wrqm/s  %wrqm w_await wareq-sz     d/s     dkB/s   drqm/s  %drqm d_await dareq-sz     f/s f_await  aqu-sz  %util
dm-0             0.00      0.00     0.00   0.00    0.00     0.00    0.00      0.00     0.00   0.00    0.00     0.00    0.00      0.00     0.00   0.00    0.00     0.00    0.00    0.00    0.00   0.00
loop0         1932.00 246044.00     0.00   0.00    1.47   127.35    3.00     16.00     1.00  25.00    3.33     5.33    0.00      0.00     0.00   0.00    0.00     0.00    2.00    2.00    2.85  97.30
sda           1954.00 245932.00     0.00   0.00    1.03   125.86   51.00    488.00    54.00  51.43    0.41     9.57    0.00      0.00     0.00   0.00    0.00     0.00   34.00    0.03    2.04  76.30


avg-cpu:  %user   %nice %system %iowait  %steal   %idle
           5.15    0.00   20.62   71.65    0.00    2.58

Device            r/s     rkB/s   rrqm/s  %rrqm r_await rareq-sz     w/s     wkB/s   wrqm/s  %wrqm w_await wareq-sz     d/s     dkB/s   drqm/s  %drqm d_await dareq-sz     f/s f_await  aqu-sz  %util
dm-0             0.00      0.00     0.00   0.00    0.00     0.00    0.00      0.00     0.00   0.00    0.00     0.00    0.00      0.00     0.00   0.00    0.00     0.00    0.00    0.00    0.00   0.00
loop0         1922.00 245328.00     0.00   0.00    0.96   127.64    0.00      0.00     0.00   0.00    0.00     0.00    0.00      0.00     0.00   0.00    0.00     0.00    0.00    0.00    1.84  95.70
sda           1946.00 245684.00     0.00   0.00    0.87   126.25   45.00    420.00    45.00  50.00    0.38     9.33    0.00      0.00     0.00   0.00    0.00     0.00   30.00    0.07    1.71  74.30


avg-cpu:  %user   %nice %system %iowait  %steal   %idle
          35.71    0.00   37.76   23.98    0.00    2.55

Device            r/s     rkB/s   rrqm/s  %rrqm r_await rareq-sz     w/s     wkB/s   wrqm/s  %wrqm w_await wareq-sz     d/s     dkB/s   drqm/s  %drqm d_await dareq-sz     f/s f_await  aqu-sz  %util
dm-0             1.00     76.00     0.00   0.00    3.00    76.00    0.00      0.00     0.00   0.00    0.00     0.00    0.00      0.00     0.00   0.00    0.00     0.00    0.00    0.00    0.00   0.30
loop0         1922.00 241924.00     0.00   0.00    2.42   125.87    0.00      0.00     0.00   0.00    0.00     0.00    0.00      0.00     0.00   0.00    0.00     0.00    0.00    0.00    4.64  93.30
sda           2020.00 244316.00    63.00   3.02    0.89   120.95   45.00    420.00    45.00  50.00    0.38     9.33    0.00      0.00     0.00   0.00    0.00     0.00   30.00    0.03    1.81  61.20


avg-cpu:  %user   %nice %system %iowait  %steal   %idle
          40.82    0.00   34.69   23.47    0.00    1.02

Device            r/s     rkB/s   rrqm/s  %rrqm r_await rareq-sz     w/s     wkB/s   wrqm/s  %wrqm w_await wareq-sz     d/s     dkB/s   drqm/s  %drqm d_await dareq-sz     f/s f_await  aqu-sz  %util
dm-0             0.00      0.00     0.00   0.00    0.00     0.00    0.00      0.00     0.00   0.00    0.00     0.00    0.00      0.00     0.00   0.00    0.00     0.00    0.00    0.00    0.00   0.00
loop0         1942.00 246448.00     0.00   0.00    2.34   126.90    0.00      0.00     0.00   0.00    0.00     0.00    0.00      0.00     0.00   0.00    0.00     0.00    0.00    0.00    4.55  97.50
sda           2009.00 247292.00     0.00   0.00    0.88   123.09   45.00    420.00    45.00  50.00    0.40     9.33    0.00      0.00     0.00   0.00    0.00     0.00   30.00    0.07    1.78  64.30


avg-cpu:  %user   %nice %system %iowait  %steal   %idle
           7.69    0.00   24.62   66.15    0.00    1.54

Device            r/s     rkB/s   rrqm/s  %rrqm r_await rareq-sz     w/s     wkB/s   wrqm/s  %wrqm w_await wareq-sz     d/s     dkB/s   drqm/s  %drqm d_await dareq-sz     f/s f_await  aqu-sz  %util
dm-0             0.00      0.00     0.00   0.00    0.00     0.00    0.00      0.00     0.00   0.00    0.00     0.00    0.00      0.00     0.00   0.00    0.00     0.00    0.00    0.00    0.00   0.00
loop0         1950.00 245004.00     0.00   0.00    2.57   125.64    0.00      0.00     0.00   0.00    0.00     0.00    0.00      0.00     0.00   0.00    0.00     0.00    0.00    0.00    5.02  95.60
sda           2045.00 245620.00     0.00   0.00    1.19   120.11   45.00    420.00    45.00  50.00    0.36     9.33    0.00      0.00     0.00   0.00    0.00     0.00   30.00    0.07    2.46  74.80


avg-cpu:  %user   %nice %system %iowait  %steal   %idle
           5.18    0.00   21.24   72.54    0.00    1.04

Device            r/s     rkB/s   rrqm/s  %rrqm r_await rareq-sz     w/s     wkB/s   wrqm/s  %wrqm w_await wareq-sz     d/s     dkB/s   drqm/s  %drqm d_await dareq-sz     f/s f_await  aqu-sz  %util
dm-0             0.00      0.00     0.00   0.00    0.00     0.00    0.00      0.00     0.00   0.00    0.00     0.00    0.00      0.00     0.00   0.00    0.00     0.00    0.00    0.00    0.00   0.00
loop0         1937.00 244656.00     0.00   0.00    2.37   126.31    2.00     28.00     5.00  71.43    1.50    14.00    0.00      0.00     0.00   0.00    0.00     0.00    2.00    1.50    4.61  97.10
sda           2008.00 245732.00     0.00   0.00    1.22   122.38   62.00    616.00    69.00  52.67    0.39     9.94    0.00      0.00     0.00   0.00    0.00     0.00   40.00    0.05    2.47  78.10


avg-cpu:  %user   %nice %system %iowait  %steal   %idle
           6.19    0.00   21.13   71.65    0.00    1.03

Device            r/s     rkB/s   rrqm/s  %rrqm r_await rareq-sz     w/s     wkB/s   wrqm/s  %wrqm w_await wareq-sz     d/s     dkB/s   drqm/s  %drqm d_await dareq-sz     f/s f_await  aqu-sz  %util
dm-0             0.00      0.00     0.00   0.00    0.00     0.00    0.00      0.00     0.00   0.00    0.00     0.00    0.00      0.00     0.00   0.00    0.00     0.00    0.00    0.00    0.00   0.00
loop0         1953.00 244872.00     0.00   0.00    2.57   125.38    2.00     16.00     2.00  50.00    2.00     8.00    0.00      0.00     0.00   0.00    0.00     0.00    0.00    0.00    5.03  95.70
sda           2082.00 245912.00     0.00   0.00    1.11   118.11   45.00    424.00    46.00  50.55    0.36     9.42    0.00      0.00     0.00   0.00    0.00     0.00   30.00    0.03    2.34  77.00


avg-cpu:  %user   %nice %system %iowait  %steal   %idle
           4.59    0.00   21.43   72.45    0.00    1.53

Device            r/s     rkB/s   rrqm/s  %rrqm r_await rareq-sz     w/s     wkB/s   wrqm/s  %wrqm w_await wareq-sz     d/s     dkB/s   drqm/s  %drqm d_await dareq-sz     f/s f_await  aqu-sz  %util
dm-0             0.00      0.00     0.00   0.00    0.00     0.00    0.00      0.00     0.00   0.00    0.00     0.00    0.00      0.00     0.00   0.00    0.00     0.00    0.00    0.00    0.00   0.00
loop0         1941.00 244912.00     0.00   0.00    2.37   126.18    0.00      0.00     0.00   0.00    0.00     0.00    0.00      0.00     0.00   0.00    0.00     0.00    0.00    0.00    4.61  97.30
sda           2018.00 245760.00     0.00   0.00    1.21   121.78   45.00    420.00    45.00  50.00    0.38     9.33    0.00      0.00     0.00   0.00    0.00     0.00   30.00    0.03    2.45  77.30


avg-cpu:  %user   %nice %system %iowait  %steal   %idle
           7.22    0.00   20.62   70.62    0.00    1.55

Device            r/s     rkB/s   rrqm/s  %rrqm r_await rareq-sz     w/s     wkB/s   wrqm/s  %wrqm w_await wareq-sz     d/s     dkB/s   drqm/s  %drqm d_await dareq-sz     f/s f_await  aqu-sz  %util
dm-0             0.00      0.00     0.00   0.00    0.00     0.00    0.00      0.00     0.00   0.00    0.00     0.00    0.00      0.00     0.00   0.00    0.00     0.00    0.00    0.00    0.00   0.00
loop0         1947.00 244192.00     0.00   0.00    2.58   125.42    0.00      0.00     0.00   0.00    0.00     0.00    0.00      0.00     0.00   0.00    0.00     0.00    0.00    0.00    5.03  95.40
sda           2049.00 245688.00     0.00   0.00    1.22   119.91   45.00    420.00    45.00  50.00    0.38     9.33    0.00      0.00     0.00   0.00    0.00     0.00   30.00    0.07    2.53  75.20


avg-cpu:  %user   %nice %system %iowait  %steal   %idle
           5.15    0.00   19.07   74.74    0.00    1.03

Device            r/s     rkB/s   rrqm/s  %rrqm r_await rareq-sz     w/s     wkB/s   wrqm/s  %wrqm w_await wareq-sz     d/s     dkB/s   drqm/s  %drqm d_await dareq-sz     f/s f_await  aqu-sz  %util
dm-0             0.00      0.00     0.00   0.00    0.00     0.00    0.00      0.00     0.00   0.00    0.00     0.00    0.00      0.00     0.00   0.00    0.00     0.00    0.00    0.00    0.00   0.00
loop0         1938.00 244912.00     0.00   0.00    2.38   126.37    0.00      0.00     0.00   0.00    0.00     0.00    0.00      0.00     0.00   0.00    0.00     0.00    0.00    0.00    4.62  97.00
sda           2010.00 245880.00     0.00   0.00    1.23   122.33   45.00    420.00    45.00  50.00    0.36     9.33    0.00      0.00     0.00   0.00    0.00     0.00   30.00    0.03    2.50  78.50


avg-cpu:  %user   %nice %system %iowait  %steal   %idle
           5.13    0.00   21.54   71.79    0.00    1.54

Device            r/s     rkB/s   rrqm/s  %rrqm r_await rareq-sz     w/s     wkB/s   wrqm/s  %wrqm w_await wareq-sz     d/s     dkB/s   drqm/s  %drqm d_await dareq-sz     f/s f_await  aqu-sz  %util
dm-0             0.00      0.00     0.00   0.00    0.00     0.00    0.00      0.00     0.00   0.00    0.00     0.00    0.00      0.00     0.00   0.00    0.00     0.00    0.00    0.00    0.00   0.00
loop0         1949.00 244616.00     0.00   0.00    2.58   125.51    2.00     40.00     8.00  80.00    2.00    20.00    0.00      0.00     0.00   0.00    0.00     0.00    2.00    1.50    5.04  95.90
sda           2057.00 245688.00     0.00   0.00    1.20   119.44   53.00    540.00    58.00  52.25    0.43    10.19    0.00      0.00     0.00   0.00    0.00     0.00   34.00    0.09    2.49  75.10


avg-cpu:  %user   %nice %system %iowait  %steal   %idle
           5.18    0.00   19.69   74.09    0.00    1.04

Device            r/s     rkB/s   rrqm/s  %rrqm r_await rareq-sz     w/s     wkB/s   wrqm/s  %wrqm w_await wareq-sz     d/s     dkB/s   drqm/s  %drqm d_await dareq-sz     f/s f_await  aqu-sz  %util
dm-0             0.00      0.00     0.00   0.00    0.00     0.00    0.00      0.00     0.00   0.00    0.00     0.00    0.00      0.00     0.00   0.00    0.00     0.00    0.00    0.00    0.00   0.00
loop0         1933.00 245600.00     0.00   0.00    1.77   127.06    0.00      0.00     0.00   0.00    0.00     0.00    0.00      0.00     0.00   0.00    0.00     0.00    0.00    0.00    3.43  96.80
sda           1971.00 245716.00     0.00   0.00    1.10   124.67   45.00    420.00    45.00  50.00    0.36     9.33    0.00      0.00     0.00   0.00    0.00     0.00   30.00    0.07    2.19  76.80


avg-cpu:  %user   %nice %system %iowait  %steal   %idle
           4.19    0.00   19.90   73.30    0.00    2.62

Device            r/s     rkB/s   rrqm/s  %rrqm r_await rareq-sz     w/s     wkB/s   wrqm/s  %wrqm w_await wareq-sz     d/s     dkB/s   drqm/s  %drqm d_await dareq-sz     f/s f_await  aqu-sz  %util
dm-0             0.00      0.00     0.00   0.00    0.00     0.00    0.00      0.00     0.00   0.00    0.00     0.00    0.00      0.00     0.00   0.00    0.00     0.00    0.00    0.00    0.00   0.00
loop0         1922.00 245328.00     0.00   0.00    0.97   127.64    0.00      0.00     0.00   0.00    0.00     0.00    0.00      0.00     0.00   0.00    0.00     0.00    0.00    0.00    1.86  94.90
sda           1948.00 245824.00     0.00   0.00    0.87   126.19   45.00    420.00    45.00  50.00    0.40     9.33    0.00      0.00     0.00   0.00    0.00     0.00   30.00    0.03    1.72  74.10


avg-cpu:  %user   %nice %system %iowait  %steal   %idle
           6.03    0.00   23.12   67.34    0.00    3.52

Device            r/s     rkB/s   rrqm/s  %rrqm r_await rareq-sz     w/s     wkB/s   wrqm/s  %wrqm w_await wareq-sz     d/s     dkB/s   drqm/s  %drqm d_await dareq-sz     f/s f_await  aqu-sz  %util
dm-0             0.00      0.00     0.00   0.00    0.00     0.00    0.00      0.00     0.00   0.00    0.00     0.00    0.00      0.00     0.00   0.00    0.00     0.00    0.00    0.00    0.00   0.00
loop0         1930.00 244556.00     0.00   0.00    1.96   126.71    0.00      0.00     0.00   0.00    0.00     0.00    0.00      0.00     0.00   0.00    0.00     0.00    0.00    0.00    3.79  93.40
sda           1997.00 245848.00     0.00   0.00    1.05   123.11   45.00    420.00    45.00  50.00    0.36     9.33    0.00      0.00     0.00   0.00    0.00     0.00   30.00    0.07    2.11  70.90


avg-cpu:  %user   %nice %system %iowait  %steal   %idle
          35.03    0.00   36.55   27.41    0.00    1.02

Device            r/s     rkB/s   rrqm/s  %rrqm r_await rareq-sz     w/s     wkB/s   wrqm/s  %wrqm w_await wareq-sz     d/s     dkB/s   drqm/s  %drqm d_await dareq-sz     f/s f_await  aqu-sz  %util
dm-0             0.00      0.00     0.00   0.00    0.00     0.00    0.00      0.00     0.00   0.00    0.00     0.00    0.00      0.00     0.00   0.00    0.00     0.00    0.00    0.00    0.00   0.00
loop0         1933.00 244184.00     0.00   0.00    2.52   126.32    0.00      0.00     0.00   0.00    0.00     0.00    0.00      0.00     0.00   0.00    0.00     0.00    0.00    0.00    4.88  96.50
sda           2010.00 245792.00     0.00   0.00    0.90   122.28   45.00    420.00    45.00  50.00    0.38     9.33    0.00      0.00     0.00   0.00    0.00     0.00   30.00    0.03    1.83  61.60


avg-cpu:  %user   %nice %system %iowait  %steal   %idle
          41.12    0.00   35.53   22.84    0.00    0.51

Device            r/s     rkB/s   rrqm/s  %rrqm r_await rareq-sz     w/s     wkB/s   wrqm/s  %wrqm w_await wareq-sz     d/s     dkB/s   drqm/s  %drqm d_await dareq-sz     f/s f_await  aqu-sz  %util
dm-0             0.00      0.00     0.00   0.00    0.00     0.00    0.00      0.00     0.00   0.00    0.00     0.00    0.00      0.00     0.00   0.00    0.00     0.00    0.00    0.00    0.00   0.00
loop0         1940.00 245440.00     0.00   0.00    2.33   126.52    0.00      0.00     0.00   0.00    0.00     0.00    0.00      0.00     0.00   0.00    0.00     0.00    0.00    0.00    4.51  96.60
sda           2007.00 245600.00     0.00   0.00    0.94   122.37   45.00    420.00    45.00  50.00    0.36     9.33    0.00      0.00     0.00   0.00    0.00     0.00   30.00    0.07    1.90  60.90


avg-cpu:  %user   %nice %system %iowait  %steal   %idle
           7.18    0.00   23.59   67.69    0.00    1.54

Device            r/s     rkB/s   rrqm/s  %rrqm r_await rareq-sz     w/s     wkB/s   wrqm/s  %wrqm w_await wareq-sz     d/s     dkB/s   drqm/s  %drqm d_await dareq-sz     f/s f_await  aqu-sz  %util
dm-0             0.00      0.00     0.00   0.00    0.00     0.00    0.00      0.00     0.00   0.00    0.00     0.00    0.00      0.00     0.00   0.00    0.00     0.00    0.00    0.00    0.00   0.00
loop0         1947.00 244344.00     0.00   0.00    2.57   125.50    2.00     16.00     2.00  50.00    1.50     8.00    0.00      0.00     0.00   0.00    0.00     0.00    2.00    1.50    5.01  96.40
sda           2065.00 245760.00     0.00   0.00    1.20   119.01   51.00    500.00    57.00  52.78    0.39     9.80    0.00      0.00     0.00   0.00    0.00     0.00   34.00    0.03    2.51  75.40


avg-cpu:  %user   %nice %system %iowait  %steal   %idle
           7.22    0.00   22.68   69.07    0.00    1.03

Device            r/s     rkB/s   rrqm/s  %rrqm r_await rareq-sz     w/s     wkB/s   wrqm/s  %wrqm w_await wareq-sz     d/s     dkB/s   drqm/s  %drqm d_await dareq-sz     f/s f_await  aqu-sz  %util
dm-0             0.00      0.00     0.00   0.00    0.00     0.00    0.00      0.00     0.00   0.00    0.00     0.00    0.00      0.00     0.00   0.00    0.00     0.00    0.00    0.00    0.00   0.00
loop0         1941.00 245056.00     0.00   0.00    2.38   126.25    0.00      0.00     0.00   0.00    0.00     0.00    0.00      0.00     0.00   0.00    0.00     0.00    0.00    0.00    4.62  97.00
sda           2025.00 245868.00     0.00   0.00    1.22   121.42   54.00    552.00    66.00  55.00    0.39    10.22    0.00      0.00     0.00   0.00    0.00     0.00   36.00    0.06    2.49  78.20


avg-cpu:  %user   %nice %system %iowait  %steal   %idle
           5.70    0.00   20.21   72.54    0.00    1.55

Device            r/s     rkB/s   rrqm/s  %rrqm r_await rareq-sz     w/s     wkB/s   wrqm/s  %wrqm w_await wareq-sz     d/s     dkB/s   drqm/s  %drqm d_await dareq-sz     f/s f_await  aqu-sz  %util
dm-0             0.00      0.00     0.00   0.00    0.00     0.00    0.00      0.00     0.00   0.00    0.00     0.00    0.00      0.00     0.00   0.00    0.00     0.00    0.00    0.00    0.00   0.00
loop0         1951.00 244856.00     0.00   0.00    2.58   125.50    1.00      0.00     0.00   0.00    0.00     0.00    0.00      0.00     0.00   0.00    0.00     0.00    1.00    0.00    5.03  96.30
sda           2059.00 245884.00     0.00   0.00    1.15   119.42   46.00    440.00    50.00  52.08    0.37     9.57    0.00      0.00     0.00   0.00    0.00     0.00   31.00    0.06    2.39  77.00


avg-cpu:  %user   %nice %system %iowait  %steal   %idle
           5.13    0.00   21.03   72.31    0.00    1.54

Device            r/s     rkB/s   rrqm/s  %rrqm r_await rareq-sz     w/s     wkB/s   wrqm/s  %wrqm w_await wareq-sz     d/s     dkB/s   drqm/s  %drqm d_await dareq-sz     f/s f_await  aqu-sz  %util
dm-0             0.00      0.00     0.00   0.00    0.00     0.00    0.00      0.00     0.00   0.00    0.00     0.00    0.00      0.00     0.00   0.00    0.00     0.00    0.00    0.00    0.00   0.00
loop0         1948.00 244248.00     0.00   0.00    2.39   125.38    0.00      0.00     0.00   0.00    0.00     0.00    0.00      0.00     0.00   0.00    0.00     0.00    0.00    0.00    4.65  96.20
sda           2049.00 245744.00     0.00   0.00    1.22   119.93   45.00    436.00    49.00  52.13    0.38     9.69    0.00      0.00     0.00   0.00    0.00     0.00   30.00    0.03    2.51  77.20


avg-cpu:  %user   %nice %system %iowait  %steal   %idle
           6.25    0.00   19.27   73.44    0.00    1.04

Device            r/s     rkB/s   rrqm/s  %rrqm r_await rareq-sz     w/s     wkB/s   wrqm/s  %wrqm w_await wareq-sz     d/s     dkB/s   drqm/s  %drqm d_await dareq-sz     f/s f_await  aqu-sz  %util
dm-0             0.00      0.00     0.00   0.00    0.00     0.00    0.00      0.00     0.00   0.00    0.00     0.00    0.00      0.00     0.00   0.00    0.00     0.00    0.00    0.00    0.00   0.00
loop0         1939.00 244984.00     0.00   0.00    2.56   126.35    0.00      0.00     0.00   0.00    0.00     0.00    0.00      0.00     0.00   0.00    0.00     0.00    0.00    0.00    4.97  96.20
sda           2014.00 245760.00     0.00   0.00    1.30   122.03   45.00    452.00    53.00  54.08    0.38    10.04    0.00      0.00     0.00   0.00    0.00     0.00   30.00    0.07    2.64  78.30


avg-cpu:  %user   %nice %system %iowait  %steal   %idle
           6.60    0.00   21.83   70.05    0.00    1.52

Device            r/s     rkB/s   rrqm/s  %rrqm r_await rareq-sz     w/s     wkB/s   wrqm/s  %wrqm w_await wareq-sz     d/s     dkB/s   drqm/s  %drqm d_await dareq-sz     f/s f_await  aqu-sz  %util
dm-0             0.00      0.00     0.00   0.00    0.00     0.00    0.00      0.00     0.00   0.00    0.00     0.00    0.00      0.00     0.00   0.00    0.00     0.00    0.00    0.00    0.00   0.00
loop0         1944.00 244800.00     0.00   0.00    2.38   125.93    2.00     16.00     2.00  50.00    1.50     8.00    0.00      0.00     0.00   0.00    0.00     0.00    2.00    1.50    4.63  96.70
sda           2031.00 245532.00     0.00   0.00    1.18   120.89   51.00    520.00    62.00  54.87    0.39    10.20    0.00      0.00     0.00   0.00    0.00     0.00   34.00    0.03    2.41  76.70


avg-cpu:  %user   %nice %system %iowait  %steal   %idle
           6.15    0.00   21.03   71.28    0.00    1.54

Device            r/s     rkB/s   rrqm/s  %rrqm r_await rareq-sz     w/s     wkB/s   wrqm/s  %wrqm w_await wareq-sz     d/s     dkB/s   drqm/s  %drqm d_await dareq-sz     f/s f_await  aqu-sz  %util
dm-0             0.00      0.00     0.00   0.00    0.00     0.00    0.00      0.00     0.00   0.00    0.00     0.00    0.00      0.00     0.00   0.00    0.00     0.00    0.00    0.00    0.00   0.00
loop0         1942.00 245560.00     0.00   0.00    2.23   126.45    0.00      0.00     0.00   0.00    0.00     0.00    0.00      0.00     0.00   0.00    0.00     0.00    0.00    0.00    4.33  95.90
sda           1997.00 245964.00     0.00   0.00    1.17   123.17   44.00    440.00    52.00  54.17    0.39    10.00    0.00      0.00     0.00   0.00    0.00     0.00   29.00    0.07    2.36  74.50


avg-cpu:  %user   %nice %system %iowait  %steal   %idle
           4.17    0.00   20.31   73.44    0.00    2.08

Device            r/s     rkB/s   rrqm/s  %rrqm r_await rareq-sz     w/s     wkB/s   wrqm/s  %wrqm w_await wareq-sz     d/s     dkB/s   drqm/s  %drqm d_await dareq-sz     f/s f_await  aqu-sz  %util
dm-0             0.00      0.00     0.00   0.00    0.00     0.00    0.00      0.00     0.00   0.00    0.00     0.00    0.00      0.00     0.00   0.00    0.00     0.00    0.00    0.00    0.00   0.00
loop0         1924.00 245200.00     0.00   0.00    0.97   127.44    0.00      0.00     0.00   0.00    0.00     0.00    0.00      0.00     0.00   0.00    0.00     0.00    0.00    0.00    1.86  95.90
sda           1959.00 245716.00     0.00   0.00    0.86   125.43   45.00    464.00    56.00  55.45    0.40    10.31    0.00      0.00     0.00   0.00    0.00     0.00   30.00    0.07    1.71  75.90


avg-cpu:  %user   %nice %system %iowait  %steal   %idle
           4.71    0.00   21.47   70.68    0.00    3.14

Device            r/s     rkB/s   rrqm/s  %rrqm r_await rareq-sz     w/s     wkB/s   wrqm/s  %wrqm w_await wareq-sz     d/s     dkB/s   drqm/s  %drqm d_await dareq-sz     f/s f_await  aqu-sz  %util
dm-0             0.00      0.00     0.00   0.00    0.00     0.00    0.00      0.00     0.00   0.00    0.00     0.00    0.00      0.00     0.00   0.00    0.00     0.00    0.00    0.00    0.00   0.00
loop0         1921.00 244380.00     0.00   0.00    1.56   127.21    0.00      0.00     0.00   0.00    0.00     0.00    0.00      0.00     0.00   0.00    0.00     0.00    0.00    0.00    3.00  93.80
sda           1974.00 245944.00     0.00   0.00    0.99   124.59   45.00    448.00    52.00  53.61    0.36     9.96    0.00      0.00     0.00   0.00    0.00     0.00   30.00    0.03    1.97  73.60


avg-cpu:  %user   %nice %system %iowait  %steal   %idle
           5.08    0.00   20.30   73.10    0.00    1.52

Device            r/s     rkB/s   rrqm/s  %rrqm r_await rareq-sz     w/s     wkB/s   wrqm/s  %wrqm w_await wareq-sz     d/s     dkB/s   drqm/s  %drqm d_await dareq-sz     f/s f_await  aqu-sz  %util
dm-0             0.00      0.00     0.00   0.00    0.00     0.00    0.00      0.00     0.00   0.00    0.00     0.00    0.00      0.00     0.00   0.00    0.00     0.00    0.00    0.00    0.00   0.00
loop0         1941.00 244672.00     0.00   0.00    2.51   126.05    0.00      0.00     0.00   0.00    0.00     0.00    0.00      0.00     0.00   0.00    0.00     0.00    0.00    0.00    4.88  96.90
sda           2018.00 245788.00     0.00   0.00    1.28   121.80   45.00    456.00    54.00  54.55    0.36    10.13    0.00      0.00     0.00   0.00    0.00     0.00   30.00    0.07    2.60  78.80


avg-cpu:  %user   %nice %system %iowait  %steal   %idle
          35.71    0.00   37.24   26.02    0.00    1.02

Device            r/s     rkB/s   rrqm/s  %rrqm r_await rareq-sz     w/s     wkB/s   wrqm/s  %wrqm w_await wareq-sz     d/s     dkB/s   drqm/s  %drqm d_await dareq-sz     f/s f_await  aqu-sz  %util
dm-0             0.00      0.00     0.00   0.00    0.00     0.00    0.00      0.00     0.00   0.00    0.00     0.00    0.00      0.00     0.00   0.00    0.00     0.00    0.00    0.00    0.00   0.00
loop0         1927.00 244216.00     0.00   0.00    2.39   126.73    0.00      0.00     0.00   0.00    0.00     0.00    0.00      0.00     0.00   0.00    0.00     0.00    0.00    0.00    4.61  95.60
sda           1998.00 245368.00     0.00   0.00    0.98   122.81   45.00    464.00    56.00  55.45    0.40    10.31    0.00      0.00     0.00   0.00    0.00     0.00   30.00    0.07    1.98  63.60


avg-cpu:  %user   %nice %system %iowait  %steal   %idle
          41.79    0.00   36.32   20.90    0.00    1.00

Device            r/s     rkB/s   rrqm/s  %rrqm r_await rareq-sz     w/s     wkB/s   wrqm/s  %wrqm w_await wareq-sz     d/s     dkB/s   drqm/s  %drqm d_await dareq-sz     f/s f_await  aqu-sz  %util
dm-0             0.00      0.00     0.00   0.00    0.00     0.00    0.00      0.00     0.00   0.00    0.00     0.00    0.00      0.00     0.00   0.00    0.00     0.00    0.00    0.00    0.00   0.00
loop0         1957.00 245696.00     0.00   0.00    2.49   125.55    2.00     16.00     2.00  50.00    1.50     8.00    0.00      0.00     0.00   0.00    0.00     0.00    2.00    1.50    4.88  97.00
sda           2069.00 246220.00     0.00   0.00    0.86   119.00   51.00    512.00    60.00  54.05    0.37    10.04    0.00      0.00     0.00   0.00    0.00     0.00   34.00    0.03    1.80  58.80


avg-cpu:  %user   %nice %system %iowait  %steal   %idle
           7.18    0.00   25.13   66.15    0.00    1.54

Device            r/s     rkB/s   rrqm/s  %rrqm r_await rareq-sz     w/s     wkB/s   wrqm/s  %wrqm w_await wareq-sz     d/s     dkB/s   drqm/s  %drqm d_await dareq-sz     f/s f_await  aqu-sz  %util
dm-0             0.00      0.00     0.00   0.00    0.00     0.00    0.00      0.00     0.00   0.00    0.00     0.00    0.00      0.00     0.00   0.00    0.00     0.00    0.00    0.00    0.00   0.00
loop0         1938.00 244344.00     0.00   0.00    2.44   126.08    0.00      0.00     0.00   0.00    0.00     0.00    0.00      0.00     0.00   0.00    0.00     0.00    0.00    0.00    4.73  96.20
sda           2035.00 245460.00     0.00   0.00    1.16   120.62   45.00    440.00    50.00  52.63    0.40     9.78    0.00      0.00     0.00   0.00    0.00     0.00   30.00    0.10    2.38  75.10


avg-cpu:  %user   %nice %system %iowait  %steal   %idle
           5.67    0.00   20.62   72.16    0.00    1.55

Device            r/s     rkB/s   rrqm/s  %rrqm r_await rareq-sz     w/s     wkB/s   wrqm/s  %wrqm w_await wareq-sz     d/s     dkB/s   drqm/s  %drqm d_await dareq-sz     f/s f_await  aqu-sz  %util
dm-0             0.00      0.00     0.00   0.00    0.00     0.00    0.00      0.00     0.00   0.00    0.00     0.00    0.00      0.00     0.00   0.00    0.00     0.00    0.00    0.00    0.00   0.00
loop0         1953.00 245184.00     0.00   0.00    2.51   125.54    0.00      0.00     0.00   0.00    0.00     0.00    0.00      0.00     0.00   0.00    0.00     0.00    0.00    0.00    4.90  96.70
sda           2053.00 245884.00     0.00   0.00    1.19   119.77   45.00    456.00    54.00  54.55    0.38    10.13    0.00      0.00     0.00   0.00    0.00     0.00   30.00    0.03    2.47  78.00


avg-cpu:  %user   %nice %system %iowait  %steal   %idle
           5.26    0.00   20.00   73.68    0.00    1.05

Device            r/s     rkB/s   rrqm/s  %rrqm r_await rareq-sz     w/s     wkB/s   wrqm/s  %wrqm w_await wareq-sz     d/s     dkB/s   drqm/s  %drqm d_await dareq-sz     f/s f_await  aqu-sz  %util
dm-0             0.00      0.00     0.00   0.00    0.00     0.00    0.00      0.00     0.00   0.00    0.00     0.00    0.00      0.00     0.00   0.00    0.00     0.00    0.00    0.00    0.00   0.00
loop0         1945.00 244432.00     0.00   0.00    2.46   125.67    0.00      0.00     0.00   0.00    0.00     0.00    0.00      0.00     0.00   0.00    0.00     0.00    0.00    0.00    4.79  96.60
sda           2047.00 245820.00     0.00   0.00    1.22   120.09   53.00    500.00    57.00  51.82    0.40     9.43    0.00      0.00     0.00   0.00    0.00     0.00   31.00    0.06    2.51  79.10


avg-cpu:  %user   %nice %system %iowait  %steal   %idle
           5.18    0.00   20.73   73.06    0.00    1.04

Device            r/s     rkB/s   rrqm/s  %rrqm r_await rareq-sz     w/s     wkB/s   wrqm/s  %wrqm w_await wareq-sz     d/s     dkB/s   drqm/s  %drqm d_await dareq-sz     f/s f_await  aqu-sz  %util
dm-0             0.00      0.00     0.00   0.00    0.00     0.00    0.00      0.00     0.00   0.00    0.00     0.00    0.00      0.00     0.00   0.00    0.00     0.00    0.00    0.00    0.00   0.00
loop0         1939.00 244544.00     0.00   0.00    2.50   126.12    0.00      0.00     0.00   0.00    0.00     0.00    0.00      0.00     0.00   0.00    0.00     0.00    0.00    0.00    4.84  97.10
sda           2022.00 245720.00     0.00   0.00    1.27   121.52   45.00    472.00    58.00  56.31    0.40    10.49    0.00      0.00     0.00   0.00    0.00     0.00   30.00    0.03    2.58  78.20


avg-cpu:  %user   %nice %system %iowait  %steal   %idle
           5.61    0.00   21.43   71.94    0.00    1.02

Device            r/s     rkB/s   rrqm/s  %rrqm r_await rareq-sz     w/s     wkB/s   wrqm/s  %wrqm w_await wareq-sz     d/s     dkB/s   drqm/s  %drqm d_await dareq-sz     f/s f_await  aqu-sz  %util
dm-0             0.00      0.00     0.00   0.00    0.00     0.00    0.00      0.00     0.00   0.00    0.00     0.00    0.00      0.00     0.00   0.00    0.00     0.00    0.00    0.00    0.00   0.00
loop0         1949.00 245112.00     0.00   0.00    2.46   125.76    2.00     16.00     2.00  50.00    1.50     8.00    0.00      0.00     0.00   0.00    0.00     0.00    2.00    1.50    4.79  96.50
sda           2044.00 245904.00     0.00   0.00    1.18   120.31   51.00    544.00    68.00  57.14    0.39    10.67    0.00      0.00     0.00   0.00    0.00     0.00   34.00    0.06    2.43  80.40


avg-cpu:  %user   %nice %system %iowait  %steal   %idle
           5.64    0.00   21.03   71.79    0.00    1.54

Device            r/s     rkB/s   rrqm/s  %rrqm r_await rareq-sz     w/s     wkB/s   wrqm/s  %wrqm w_await wareq-sz     d/s     dkB/s   drqm/s  %drqm d_await dareq-sz     f/s f_await  aqu-sz  %util
dm-0            22.00    508.00     0.00   0.00    2.14    23.09    0.00      0.00     0.00   0.00    0.00     0.00    0.00      0.00     0.00   0.00    0.00     0.00    0.00    0.00    0.05   0.70
loop0         1937.00 244672.00     0.00   0.00    2.48   126.31    0.00      0.00     0.00   0.00    0.00     0.00    0.00      0.00     0.00   0.00    0.00     0.00    0.00    0.00    4.80  97.10
sda           2024.00 245740.00     0.00   0.00    1.29   121.41   45.00    464.00    56.00  55.45    0.36    10.31    0.00      0.00     0.00   0.00    0.00     0.00   30.00    0.03    2.64  77.00


avg-cpu:  %user   %nice %system %iowait  %steal   %idle
           4.69    0.00   19.79   73.44    0.00    2.08

Device            r/s     rkB/s   rrqm/s  %rrqm r_await rareq-sz     w/s     wkB/s   wrqm/s  %wrqm w_await wareq-sz     d/s     dkB/s   drqm/s  %drqm d_await dareq-sz     f/s f_await  aqu-sz  %util
dm-0             0.00      0.00     0.00   0.00    0.00     0.00    0.00      0.00     0.00   0.00    0.00     0.00    0.00      0.00     0.00   0.00    0.00     0.00    0.00    0.00    0.00   0.00
loop0         1922.00 244972.00     0.00   0.00    1.07   127.46    0.00      0.00     0.00   0.00    0.00     0.00    0.00      0.00     0.00   0.00    0.00     0.00    0.00    0.00    2.06  95.40
sda           1949.00 245292.00     0.00   0.00    0.89   125.86   88.00    668.00    64.00  42.11    0.74     7.59    0.00      0.00     0.00   0.00    0.00     0.00   34.00    0.06    1.81  75.10


avg-cpu:  %user   %nice %system %iowait  %steal   %idle
           5.13    0.00   23.08   68.21    0.00    3.59

Device            r/s     rkB/s   rrqm/s  %rrqm r_await rareq-sz     w/s     wkB/s   wrqm/s  %wrqm w_await wareq-sz     d/s     dkB/s   drqm/s  %drqm d_await dareq-sz     f/s f_await  aqu-sz  %util
dm-0             0.00      0.00     0.00   0.00    0.00     0.00    0.00      0.00     0.00   0.00    0.00     0.00    0.00      0.00     0.00   0.00    0.00     0.00    0.00    0.00    0.00   0.00
loop0         1920.00 244672.00     0.00   0.00    1.25   127.43    0.00      0.00     0.00   0.00    0.00     0.00    0.00      0.00     0.00   0.00    0.00     0.00    0.00    0.00    2.41  93.90
sda           1965.00 246184.00     0.00   0.00    0.93   125.28   83.00    724.00    78.00  48.45    0.59     8.72    0.00      0.00     0.00   0.00    0.00     0.00   38.00    0.05    1.88  73.00


avg-cpu:  %user   %nice %system %iowait  %steal   %idle
           5.70    0.00   19.69   74.09    0.00    0.52

Device            r/s     rkB/s   rrqm/s  %rrqm r_await rareq-sz     w/s     wkB/s   wrqm/s  %wrqm w_await wareq-sz     d/s     dkB/s   drqm/s  %drqm d_await dareq-sz     f/s f_await  aqu-sz  %util
dm-0             0.00      0.00     0.00   0.00    0.00     0.00    0.00      0.00     0.00   0.00    0.00     0.00    0.00      0.00     0.00   0.00    0.00     0.00    0.00    0.00    0.00   0.00
loop0         1938.00 244784.00     0.00   0.00    2.37   126.31    0.00      0.00     0.00   0.00    0.00     0.00    0.00      0.00     0.00   0.00    0.00     0.00    0.00    0.00    4.58  97.10
sda           2004.00 245592.00     0.00   0.00    1.29   122.55   50.00    492.00    58.00  53.70    0.40     9.84    0.00      0.00     0.00   0.00    0.00     0.00   30.00    0.03    2.62  79.20


avg-cpu:  %user   %nice %system %iowait  %steal   %idle
           6.67    0.00   20.51   70.77    0.00    2.05

Device            r/s     rkB/s   rrqm/s  %rrqm r_await rareq-sz     w/s     wkB/s   wrqm/s  %wrqm w_await wareq-sz     d/s     dkB/s   drqm/s  %drqm d_await dareq-sz     f/s f_await  aqu-sz  %util
dm-0             0.00      0.00     0.00   0.00    0.00     0.00    0.00      0.00     0.00   0.00    0.00     0.00    0.00      0.00     0.00   0.00    0.00     0.00    0.00    0.00    0.00   0.00
loop0         1942.00 245260.00     0.00   0.00    2.56   126.29    4.00     72.00     9.00  69.23    0.75    18.00    0.00      0.00     0.00   0.00    0.00     0.00    0.00    0.00    4.98  95.40
sda           2026.00 246100.00     0.00   0.00    1.19   121.47   49.00    512.00    66.00  57.39    0.39    10.45    0.00      0.00     0.00   0.00    0.00     0.00   30.00    0.03    2.43  77.30


avg-cpu:  %user   %nice %system %iowait  %steal   %idle
          33.33    0.00   37.37   28.28    0.00    1.01

Device            r/s     rkB/s   rrqm/s  %rrqm r_await rareq-sz     w/s     wkB/s   wrqm/s  %wrqm w_await wareq-sz     d/s     dkB/s   drqm/s  %drqm d_await dareq-sz     f/s f_await  aqu-sz  %util
dm-0             0.00      0.00     0.00   0.00    0.00     0.00    0.00      0.00     0.00   0.00    0.00     0.00    0.00      0.00     0.00   0.00    0.00     0.00    0.00    0.00    0.00   0.00
loop0         1940.00 244344.00     0.00   0.00    2.35   125.95    1.00      4.00     0.00   0.00    3.00     4.00    0.00      0.00     0.00   0.00    0.00     0.00    2.00    1.50    4.56  97.40
sda           2033.00 245280.00     0.00   0.00    0.87   120.65   50.00    524.00    51.00  50.50    0.40    10.48    0.00      0.00     0.00   0.00    0.00     0.00   34.00    0.09    1.78  60.70


avg-cpu:  %user   %nice %system %iowait  %steal   %idle
          41.33    0.00   34.69   23.47    0.00    0.51

Device            r/s     rkB/s   rrqm/s  %rrqm r_await rareq-sz     w/s     wkB/s   wrqm/s  %wrqm w_await wareq-sz     d/s     dkB/s   drqm/s  %drqm d_await dareq-sz     f/s f_await  aqu-sz  %util
dm-0             0.00      0.00     0.00   0.00    0.00     0.00    0.00      0.00     0.00   0.00    0.00     0.00    0.00      0.00     0.00   0.00    0.00     0.00    0.00    0.00    0.00   0.00
loop0         1944.00 245056.00     0.00   0.00    2.52   126.06    0.00      0.00     0.00   0.00    0.00     0.00    0.00      0.00     0.00   0.00    0.00     0.00    0.00    0.00    4.91  95.60
sda           2039.00 246180.00     0.00   0.00    0.96   120.74   45.00    456.00    54.00  54.55    0.40    10.13    0.00      0.00     0.00   0.00    0.00     0.00   30.00    0.07    1.97  62.10


avg-cpu:  %user   %nice %system %iowait  %steal   %idle
           6.70    0.00   26.29   65.46    0.00    1.55

Device            r/s     rkB/s   rrqm/s  %rrqm r_await rareq-sz     w/s     wkB/s   wrqm/s  %wrqm w_await wareq-sz     d/s     dkB/s   drqm/s  %drqm d_await dareq-sz     f/s f_await  aqu-sz  %util
dm-0             0.00      0.00     0.00   0.00    0.00     0.00    0.00      0.00     0.00   0.00    0.00     0.00    0.00      0.00     0.00   0.00    0.00     0.00    0.00    0.00    0.00   0.00
loop0         1940.00 243708.00     0.00   0.00    2.37   125.62    0.00      0.00     0.00   0.00    0.00     0.00    0.00      0.00     0.00   0.00    0.00     0.00    0.00    0.00    4.61  96.90
sda           2050.00 244560.00     0.00   0.00    1.11   119.30   45.00    464.00    56.00  55.45    0.38    10.31    0.00      0.00     0.00   0.00    0.00     0.00   30.00    0.03    2.29  76.30


avg-cpu:  %user   %nice %system %iowait  %steal   %idle
           6.67    0.00   21.03   71.28    0.00    1.03

Device            r/s     rkB/s   rrqm/s  %rrqm r_await rareq-sz     w/s     wkB/s   wrqm/s  %wrqm w_await wareq-sz     d/s     dkB/s   drqm/s  %drqm d_await dareq-sz     f/s f_await  aqu-sz  %util
dm-0             0.00      0.00     0.00   0.00    0.00     0.00    0.00      0.00     0.00   0.00    0.00     0.00    0.00      0.00     0.00   0.00    0.00     0.00    0.00    0.00    0.00   0.00
loop0         1958.00 245656.00     0.00   0.00    2.58   125.46    0.00      0.00     0.00   0.00    0.00     0.00    0.00      0.00     0.00   0.00    0.00     0.00    0.00    0.00    5.06  97.00
sda           2063.00 246800.00     0.00   0.00    1.16   119.63   45.00    464.00    56.00  55.45    0.40    10.31    0.00      0.00     0.00   0.00    0.00     0.00   30.00    0.03    2.42  76.80


avg-cpu:  %user   %nice %system %iowait  %steal   %idle
           4.69    0.00   20.31   73.44    0.00    1.56

Device            r/s     rkB/s   rrqm/s  %rrqm r_await rareq-sz     w/s     wkB/s   wrqm/s  %wrqm w_await wareq-sz     d/s     dkB/s   drqm/s  %drqm d_await dareq-sz     f/s f_await  aqu-sz  %util
dm-0             0.00      0.00     0.00   0.00    0.00     0.00    0.00      0.00     0.00   0.00    0.00     0.00    0.00      0.00     0.00   0.00    0.00     0.00    0.00    0.00    0.00   0.00
loop0         1924.00 242936.00     0.00   0.00    2.38   126.27    0.00      0.00     0.00   0.00    0.00     0.00    0.00      0.00     0.00   0.00    0.00     0.00    0.00    0.00    4.57  96.40
sda           1998.00 243888.00     0.00   0.00    1.17   122.07   45.00    464.00    56.00  55.45    0.38    10.31    0.00      0.00     0.00   0.00    0.00     0.00   30.00    0.07    2.35  77.30


avg-cpu:  %user   %nice %system %iowait  %steal   %idle
           6.22    0.00   20.73   72.02    0.00    1.04

Device            r/s     rkB/s   rrqm/s  %rrqm r_await rareq-sz     w/s     wkB/s   wrqm/s  %wrqm w_await wareq-sz     d/s     dkB/s   drqm/s  %drqm d_await dareq-sz     f/s f_await  aqu-sz  %util
dm-0             0.00      0.00     0.00   0.00    0.00     0.00    0.00      0.00     0.00   0.00    0.00     0.00    0.00      0.00     0.00   0.00    0.00     0.00    0.00    0.00    0.00   0.00
loop0         1963.00 246848.00     0.00   0.00    2.56   125.75   10.00     48.00     2.00  16.67    3.80     4.80    0.00      0.00     0.00   0.00    0.00     0.00    2.00    1.50    5.06  96.20
sda           2059.00 247888.00     0.00   0.00    1.32   120.39   51.00    528.00    64.00  55.65    0.39    10.35    0.00      0.00     0.00   0.00    0.00     0.00   34.00    0.06    2.73  76.70


avg-cpu:  %user   %nice %system %iowait  %steal   %idle
           6.70    0.00   20.10   71.65    0.00    1.55

Device            r/s     rkB/s   rrqm/s  %rrqm r_await rareq-sz     w/s     wkB/s   wrqm/s  %wrqm w_await wareq-sz     d/s     dkB/s   drqm/s  %drqm d_await dareq-sz     f/s f_await  aqu-sz  %util
dm-0             0.00      0.00     0.00   0.00    0.00     0.00    0.00      0.00     0.00   0.00    0.00     0.00    0.00      0.00     0.00   0.00    0.00     0.00    0.00    0.00    0.00   0.00
loop0         1921.00 241976.00     0.00   0.00    2.37   125.96    0.00      0.00     0.00   0.00    0.00     0.00    0.00      0.00     0.00   0.00    0.00     0.00    0.00    0.00    4.55  96.30
sda           2004.00 242996.00     0.00   0.00    1.26   121.26   45.00    464.00    56.00  55.45    0.38    10.31    0.00      0.00     0.00   0.00    0.00     0.00   30.00    0.03    2.54  78.50


avg-cpu:  %user   %nice %system %iowait  %steal   %idle
           3.57    0.00   21.94   72.96    0.00    1.53

Device            r/s     rkB/s   rrqm/s  %rrqm r_await rareq-sz     w/s     wkB/s   wrqm/s  %wrqm w_await wareq-sz     d/s     dkB/s   drqm/s  %drqm d_await dareq-sz     f/s f_await  aqu-sz  %util
dm-0             0.00      0.00     0.00   0.00    0.00     0.00    0.00      0.00     0.00   0.00    0.00     0.00    0.00      0.00     0.00   0.00    0.00     0.00    0.00    0.00    0.00   0.00
loop0         1950.00 248280.00     0.00   0.00    1.53   127.32    0.00      0.00     0.00   0.00    0.00     0.00    0.00      0.00     0.00   0.00    0.00     0.00    0.00    0.00    2.99  97.00
sda           1979.00 248448.00     0.00   0.00    1.01   125.54   45.00    440.00    50.00  52.63    0.40     9.78    0.00      0.00     0.00   0.00    0.00     0.00   30.00    0.07    2.02  74.60


avg-cpu:  %user   %nice %system %iowait  %steal   %idle
           4.15    0.00   20.73   72.54    0.00    2.59

Device            r/s     rkB/s   rrqm/s  %rrqm r_await rareq-sz     w/s     wkB/s   wrqm/s  %wrqm w_await wareq-sz     d/s     dkB/s   drqm/s  %drqm d_await dareq-sz     f/s f_await  aqu-sz  %util
dm-0             0.00      0.00     0.00   0.00    0.00     0.00    0.00      0.00     0.00   0.00    0.00     0.00    0.00      0.00     0.00   0.00    0.00     0.00    0.00    0.00    0.00   0.00
loop0         1924.00 245584.00     0.00   0.00    0.96   127.64    0.00      0.00     0.00   0.00    0.00     0.00    0.00      0.00     0.00   0.00    0.00     0.00    0.00    0.00    1.85  95.90
sda           1948.00 245828.00     0.00   0.00    0.86   126.20   45.00    464.00    56.00  55.45    0.38    10.31    0.00      0.00     0.00   0.00    0.00     0.00   30.00    0.03    1.70  74.90


avg-cpu:  %user   %nice %system %iowait  %steal   %idle
           7.77    0.00   23.83   65.80    0.00    2.59

Device            r/s     rkB/s   rrqm/s  %rrqm r_await rareq-sz     w/s     wkB/s   wrqm/s  %wrqm w_await wareq-sz     d/s     dkB/s   drqm/s  %drqm d_await dareq-sz     f/s f_await  aqu-sz  %util
dm-0             0.00      0.00     0.00   0.00    0.00     0.00    0.00      0.00     0.00   0.00    0.00     0.00    0.00      0.00     0.00   0.00    0.00     0.00    0.00    0.00    0.00   0.00
loop0         1923.00 242052.00     0.00   0.00    2.41   125.87    0.00      0.00     0.00   0.00    0.00     0.00    0.00      0.00     0.00   0.00    0.00     0.00    0.00    0.00    4.64  93.30
sda           2023.00 244236.00     0.00   0.00    1.11   120.73   45.00    452.00    53.00  54.08    0.38    10.04    0.00      0.00     0.00   0.00    0.00     0.00   30.00    0.07    2.26  73.30


avg-cpu:  %user   %nice %system %iowait  %steal   %idle
           5.18    0.00   20.73   73.06    0.00    1.04

Device            r/s     rkB/s   rrqm/s  %rrqm r_await rareq-sz     w/s     wkB/s   wrqm/s  %wrqm w_await wareq-sz     d/s     dkB/s   drqm/s  %drqm d_await dareq-sz     f/s f_await  aqu-sz  %util
dm-0             0.00      0.00     0.00   0.00    0.00     0.00    0.00      0.00     0.00   0.00    0.00     0.00    0.00      0.00     0.00   0.00    0.00     0.00    0.00    0.00    0.00   0.00
loop0         1944.00 246704.00     0.00   0.00    2.36   126.91    3.00     16.00     2.00  40.00    1.33     5.33    0.00      0.00     0.00   0.00    0.00     0.00    3.00    1.33    4.60  96.90
sda           2008.00 247292.00     0.00   0.00    1.23   123.15   61.00    560.00    62.00  50.41    0.41     9.18    0.00      0.00     0.00   0.00    0.00     0.00   36.00    0.06    2.50  77.90


avg-cpu:  %user   %nice %system %iowait  %steal   %idle
           5.56    0.00   22.22   70.20    0.00    2.02

Device            r/s     rkB/s   rrqm/s  %rrqm r_await rareq-sz     w/s     wkB/s   wrqm/s  %wrqm w_await wareq-sz     d/s     dkB/s   drqm/s  %drqm d_await dareq-sz     f/s f_await  aqu-sz  %util
dm-0             0.00      0.00     0.00   0.00    0.00     0.00    0.00      0.00     0.00   0.00    0.00     0.00    0.00      0.00     0.00   0.00    0.00     0.00    0.00    0.00    0.00   0.00
loop0         1920.00 241928.00     0.00   0.00    2.60   126.00    0.00      0.00     0.00   0.00    0.00     0.00    0.00      0.00     0.00   0.00    0.00     0.00    0.00    0.00    4.99  94.80
sda           2018.00 243200.00     0.00   0.00    1.25   120.52   45.00    448.00    52.00  53.61    0.36     9.96    0.00      0.00     0.00   0.00    0.00     0.00   30.00    0.03    2.54  74.70


avg-cpu:  %user   %nice %system %iowait  %steal   %idle
          32.32    0.00   36.87   29.80    0.00    1.01

Device            r/s     rkB/s   rrqm/s  %rrqm r_await rareq-sz     w/s     wkB/s   wrqm/s  %wrqm w_await wareq-sz     d/s     dkB/s   drqm/s  %drqm d_await dareq-sz     f/s f_await  aqu-sz  %util
dm-0            10.00    252.00     0.00   0.00    1.90    25.20    0.00      0.00     0.00   0.00    0.00     0.00    0.00      0.00     0.00   0.00    0.00     0.00    0.00    0.00    0.02   0.50
loop0         1962.00 247216.00     0.00   0.00    2.34   126.00    0.00      0.00     0.00   0.00    0.00     0.00    0.00      0.00     0.00   0.00    0.00     0.00    0.00    0.00    4.59  97.50
sda           2045.00 248276.00     0.00   0.00    0.89   121.41   45.00    448.00    52.00  53.61    0.38     9.96    0.00      0.00     0.00   0.00    0.00     0.00   30.00    0.07    1.84  62.60


avg-cpu:  %user   %nice %system %iowait  %steal   %idle
          42.64    0.00   33.50   23.35    0.00    0.51

Device            r/s     rkB/s   rrqm/s  %rrqm r_await rareq-sz     w/s     wkB/s   wrqm/s  %wrqm w_await wareq-sz     d/s     dkB/s   drqm/s  %drqm d_await dareq-sz     f/s f_await  aqu-sz  %util
dm-0             0.00      0.00     0.00   0.00    0.00     0.00    0.00      0.00     0.00   0.00    0.00     0.00    0.00      0.00     0.00   0.00    0.00     0.00    0.00    0.00    0.00   0.00
loop0         1934.00 242440.00     0.00   0.00    2.58   125.36    0.00      0.00     0.00   0.00    0.00     0.00    0.00      0.00     0.00   0.00    0.00     0.00    0.00    0.00    4.99  95.60
sda           2058.00 243608.00     0.00   0.00    0.81   118.37   45.00    456.00    54.00  54.55    0.36    10.13    0.00      0.00     0.00   0.00    0.00     0.00   30.00    0.07    1.68  62.70


avg-cpu:  %user   %nice %system %iowait  %steal   %idle
           7.73    0.00   27.32   63.40    0.00    1.55

Device            r/s     rkB/s   rrqm/s  %rrqm r_await rareq-sz     w/s     wkB/s   wrqm/s  %wrqm w_await wareq-sz     d/s     dkB/s   drqm/s  %drqm d_await dareq-sz     f/s f_await  aqu-sz  %util
dm-0             0.00      0.00     0.00   0.00    0.00     0.00    0.00      0.00     0.00   0.00    0.00     0.00    0.00      0.00     0.00   0.00    0.00     0.00    0.00    0.00    0.00   0.00
loop0         1960.00 247344.00     0.00   0.00    2.33   126.20    0.00      0.00     0.00   0.00    0.00     0.00    0.00      0.00     0.00   0.00    0.00     0.00    0.00    0.00    4.56  96.40
sda           2038.00 247936.00     0.00   0.00    1.11   121.66   45.00    440.00    50.00  52.63    0.38     9.78    0.00      0.00     0.00   0.00    0.00     0.00   30.00    0.03    2.28  75.00


avg-cpu:  %user   %nice %system %iowait  %steal   %idle
           6.12    0.00   21.43   70.92    0.00    1.53

Device            r/s     rkB/s   rrqm/s  %rrqm r_await rareq-sz     w/s     wkB/s   wrqm/s  %wrqm w_await wareq-sz     d/s     dkB/s   drqm/s  %drqm d_await dareq-sz     f/s f_await  aqu-sz  %util
dm-0             0.00      0.00     0.00   0.00    0.00     0.00    0.00      0.00     0.00   0.00    0.00     0.00    0.00      0.00     0.00   0.00    0.00     0.00    0.00    0.00    0.00   0.00
loop0         1945.00 243936.00     0.00   0.00    2.59   125.42    1.00     12.00     2.00  66.67    0.00    12.00    0.00      0.00     0.00   0.00    0.00     0.00    0.00    0.00    5.04  95.70
sda           2047.00 245560.00     0.00   0.00    1.19   119.96   45.00    456.00    54.00  54.55    0.36    10.13    0.00      0.00     0.00   0.00    0.00     0.00   30.00    0.07    2.46  75.60


avg-cpu:  %user   %nice %system %iowait  %steal   %idle
           4.64    0.00   21.13   73.20    0.00    1.03

Device            r/s     rkB/s   rrqm/s  %rrqm r_await rareq-sz     w/s     wkB/s   wrqm/s  %wrqm w_await wareq-sz     d/s     dkB/s   drqm/s  %drqm d_await dareq-sz     f/s f_await  aqu-sz  %util
dm-0             0.00      0.00     0.00   0.00    0.00     0.00    0.00      0.00     0.00   0.00    0.00     0.00    0.00      0.00     0.00   0.00    0.00     0.00    0.00    0.00    0.00   0.00
loop0         1941.00 245296.00     0.00   0.00    2.37   126.38    1.00      4.00     0.00   0.00    3.00     4.00    0.00      0.00     0.00   0.00    0.00     0.00    2.00    1.50    4.60  97.20
sda           2012.00 246136.00     0.00   0.00    1.18   122.33   51.00    520.00    62.00  54.87    0.37    10.20    0.00      0.00     0.00   0.00    0.00     0.00   34.00    0.03    2.40  77.50


avg-cpu:  %user   %nice %system %iowait  %steal   %idle
           5.73    0.00   19.79   72.92    0.00    1.56

Device            r/s     rkB/s   rrqm/s  %rrqm r_await rareq-sz     w/s     wkB/s   wrqm/s  %wrqm w_await wareq-sz     d/s     dkB/s   drqm/s  %drqm d_await dareq-sz     f/s f_await  aqu-sz  %util
dm-0             0.00      0.00     0.00   0.00    0.00     0.00    0.00      0.00     0.00   0.00    0.00     0.00    0.00      0.00     0.00   0.00    0.00     0.00    0.00    0.00    0.00   0.00
loop0         1927.00 242312.00     0.00   0.00    2.59   125.75    0.00      0.00     0.00   0.00    0.00     0.00    0.00      0.00     0.00   0.00    0.00     0.00    0.00    0.00    4.99  95.80
sda           2026.00 243640.00     0.00   0.00    1.22   120.26   44.00    444.00    53.00  54.64    0.36    10.09    0.00      0.00     0.00   0.00    0.00     0.00   29.00    0.03    2.50  78.60


avg-cpu:  %user   %nice %system %iowait  %steal   %idle
           5.15    0.00   19.59   74.23    0.00    1.03

Device            r/s     rkB/s   rrqm/s  %rrqm r_await rareq-sz     w/s     wkB/s   wrqm/s  %wrqm w_await wareq-sz     d/s     dkB/s   drqm/s  %drqm d_await dareq-sz     f/s f_await  aqu-sz  %util
dm-0             0.00      0.00     0.00   0.00    0.00     0.00    0.00      0.00     0.00   0.00    0.00     0.00    0.00      0.00     0.00   0.00    0.00     0.00    0.00    0.00    0.00   0.00
loop0         1955.00 247904.00     0.00   0.00    1.78   126.81    0.00      0.00     0.00   0.00    0.00     0.00    0.00      0.00     0.00   0.00    0.00     0.00    0.00    0.00    3.47  96.60
sda           1994.00 247764.00     0.00   0.00    1.11   124.25   45.00    456.00    54.00  54.55    0.38    10.13    0.00      0.00     0.00   0.00    0.00     0.00   30.00    0.07    2.24  77.70


avg-cpu:  %user   %nice %system %iowait  %steal   %idle
           3.65    0.00   20.83   72.92    0.00    2.60

Device            r/s     rkB/s   rrqm/s  %rrqm r_await rareq-sz     w/s     wkB/s   wrqm/s  %wrqm w_await wareq-sz     d/s     dkB/s   drqm/s  %drqm d_await dareq-sz     f/s f_await  aqu-sz  %util
dm-0             0.00      0.00     0.00   0.00    0.00     0.00    0.00      0.00     0.00   0.00    0.00     0.00    0.00      0.00     0.00   0.00    0.00     0.00    0.00    0.00    0.00   0.00
loop0         1923.00 245456.00     0.00   0.00    0.96   127.64    0.00      0.00     0.00   0.00    0.00     0.00    0.00      0.00     0.00   0.00    0.00     0.00    0.00    0.00    1.85  96.10
sda           1947.00 245708.00     0.00   0.00    0.86   126.20   45.00    456.00    54.00  54.55    0.36    10.13    0.00      0.00     0.00   0.00    0.00     0.00   30.00    0.03    1.70  74.60


avg-cpu:  %user   %nice %system %iowait  %steal   %idle
           5.61    0.00   22.45   68.88    0.00    3.06

Device            r/s     rkB/s   rrqm/s  %rrqm r_await rareq-sz     w/s     wkB/s   wrqm/s  %wrqm w_await wareq-sz     d/s     dkB/s   drqm/s  %drqm d_await dareq-sz     f/s f_await  aqu-sz  %util
dm-0             0.00      0.00     0.00   0.00    0.00     0.00    0.00      0.00     0.00   0.00    0.00     0.00    0.00      0.00     0.00   0.00    0.00     0.00    0.00    0.00    0.00   0.00
loop0         1928.00 244300.00     0.00   0.00    1.95   126.71    0.00      0.00     0.00   0.00    0.00     0.00    0.00      0.00     0.00   0.00    0.00     0.00    0.00    0.00    3.75  94.70
sda           1994.00 245976.00     0.00   0.00    1.09   123.36   45.00    448.00    52.00  53.61    0.36     9.96    0.00      0.00     0.00   0.00    0.00     0.00   30.00    0.07    2.19  73.40


avg-cpu:  %user   %nice %system %iowait  %steal   %idle
           7.11    0.00   20.30   71.57    0.00    1.02

Device            r/s     rkB/s   rrqm/s  %rrqm r_await rareq-sz     w/s     wkB/s   wrqm/s  %wrqm w_await wareq-sz     d/s     dkB/s   drqm/s  %drqm d_await dareq-sz     f/s f_await  aqu-sz  %util
dm-0             0.00      0.00     0.00   0.00    0.00     0.00    0.00      0.00     0.00   0.00    0.00     0.00    0.00      0.00     0.00   0.00    0.00     0.00    0.00    0.00    0.00   0.00
loop0         1933.00 244184.00     0.00   0.00    2.51   126.32    2.00     16.00     2.00  50.00    1.50     8.00    0.00      0.00     0.00   0.00    0.00     0.00    2.00    1.50    4.86  96.70
sda           2010.00 245536.00     0.00   0.00    1.20   122.16   51.00    520.00    62.00  54.87    0.37    10.20    0.00      0.00     0.00   0.00    0.00     0.00   34.00    0.03    2.43  78.30


avg-cpu:  %user   %nice %system %iowait  %steal   %idle
           4.57    0.00   22.34   72.08    0.00    1.02

Device            r/s     rkB/s   rrqm/s  %rrqm r_await rareq-sz     w/s     wkB/s   wrqm/s  %wrqm w_await wareq-sz     d/s     dkB/s   drqm/s  %drqm d_await dareq-sz     f/s f_await  aqu-sz  %util
dm-0             0.00      0.00     0.00   0.00    0.00     0.00    0.00      0.00     0.00   0.00    0.00     0.00    0.00      0.00     0.00   0.00    0.00     0.00    0.00    0.00    0.00   0.00
loop0         1941.00 245568.00     0.00   0.00    2.45   126.52    0.00      0.00     0.00   0.00    0.00     0.00    0.00      0.00     0.00   0.00    0.00     0.00    0.00    0.00    4.76  96.60
sda           2013.00 245984.00     0.00   0.00    1.17   122.20   45.00    464.00    56.00  55.45    0.38    10.31    0.00      0.00     0.00   0.00    0.00     0.00   30.00    0.07    2.37  75.50


avg-cpu:  %user   %nice %system %iowait  %steal   %idle
           6.22    0.00   20.21   72.02    0.00    1.55

Device            r/s     rkB/s   rrqm/s  %rrqm r_await rareq-sz     w/s     wkB/s   wrqm/s  %wrqm w_await wareq-sz     d/s     dkB/s   drqm/s  %drqm d_await dareq-sz     f/s f_await  aqu-sz  %util
dm-0             0.00      0.00     0.00   0.00    0.00     0.00    0.00      0.00     0.00   0.00    0.00     0.00    0.00      0.00     0.00   0.00    0.00     0.00    0.00    0.00    0.00   0.00
loop0         1946.00 244216.00     0.00   0.00    2.51   125.50    0.00      0.00     0.00   0.00    0.00     0.00    0.00      0.00     0.00   0.00    0.00     0.00    0.00    0.00    4.88  96.20
sda           2058.00 245632.00     0.00   0.00    1.15   119.35   45.00    456.00    54.00  54.55    0.36    10.13    0.00      0.00     0.00   0.00    0.00     0.00   30.00    0.03    2.38  75.80


avg-cpu:  %user   %nice %system %iowait  %steal   %idle
          32.83    0.00   35.86   30.30    0.00    1.01

Device            r/s     rkB/s   rrqm/s  %rrqm r_await rareq-sz     w/s     wkB/s   wrqm/s  %wrqm w_await wareq-sz     d/s     dkB/s   drqm/s  %drqm d_await dareq-sz     f/s f_await  aqu-sz  %util
dm-0             0.00      0.00     0.00   0.00    0.00     0.00    0.00      0.00     0.00   0.00    0.00     0.00    0.00      0.00     0.00   0.00    0.00     0.00    0.00    0.00    0.00   0.00
loop0         1944.00 245440.00     0.00   0.00    2.43   126.26    0.00      0.00     0.00   0.00    0.00     0.00    0.00      0.00     0.00   0.00    0.00     0.00    0.00    0.00    4.71  96.90
sda           2024.00 245868.00     0.00   0.00    0.99   121.48   45.00    440.00    50.00  52.63    0.36     9.78    0.00      0.00     0.00   0.00    0.00     0.00   30.00    0.07    2.02  64.40


avg-cpu:  %user   %nice %system %iowait  %steal   %idle
          43.56    0.00   33.66   21.78    0.00    0.99

Device            r/s     rkB/s   rrqm/s  %rrqm r_await rareq-sz     w/s     wkB/s   wrqm/s  %wrqm w_await wareq-sz     d/s     dkB/s   drqm/s  %drqm d_await dareq-sz     f/s f_await  aqu-sz  %util
dm-0             0.00      0.00     0.00   0.00    0.00     0.00    0.00      0.00     0.00   0.00    0.00     0.00    0.00      0.00     0.00   0.00    0.00     0.00    0.00    0.00    0.00   0.00
loop0         1946.00 244216.00     0.00   0.00    2.47   125.50    0.00      0.00     0.00   0.00    0.00     0.00    0.00      0.00     0.00   0.00    0.00     0.00    0.00    0.00    4.81  96.50
sda           2059.00 245628.00     0.00   0.00    0.83   119.29   45.00    464.00    56.00  55.45    0.40    10.31    0.00      0.00     0.00   0.00    0.00     0.00   30.00    0.07    1.72  56.60


avg-cpu:  %user   %nice %system %iowait  %steal   %idle
           7.22    0.00   26.80   64.43    0.00    1.55

Device            r/s     rkB/s   rrqm/s  %rrqm r_await rareq-sz     w/s     wkB/s   wrqm/s  %wrqm w_await wareq-sz     d/s     dkB/s   drqm/s  %drqm d_await dareq-sz     f/s f_await  aqu-sz  %util
dm-0             0.00      0.00     0.00   0.00    0.00     0.00    0.00      0.00     0.00   0.00    0.00     0.00    0.00      0.00     0.00   0.00    0.00     0.00    0.00    0.00    0.00   0.00
loop0         1948.00 244248.00     0.00   0.00    2.43   125.38    1.00     12.00     2.00  66.67    0.00    12.00    0.00      0.00     0.00   0.00    0.00     0.00    0.00    0.00    4.73  97.20
sda           2050.00 246000.00     0.00   0.00    1.14   120.00   45.00    448.00    52.00  53.61    0.36     9.96    0.00      0.00     0.00   0.00    0.00     0.00   30.00    0.03    2.36  75.30


avg-cpu:  %user   %nice %system %iowait  %steal   %idle
           5.64    0.00   20.00   72.82    0.00    1.54

Device            r/s     rkB/s   rrqm/s  %rrqm r_await rareq-sz     w/s     wkB/s   wrqm/s  %wrqm w_await wareq-sz     d/s     dkB/s   drqm/s  %drqm d_await dareq-sz     f/s f_await  aqu-sz  %util
dm-0             0.00      0.00     0.00   0.00    0.00     0.00    0.00      0.00     0.00   0.00    0.00     0.00    0.00      0.00     0.00   0.00    0.00     0.00    0.00    0.00    0.00   0.00
loop0         1940.00 245112.00     0.00   0.00    2.50   126.35    1.00      4.00     0.00   0.00    3.00     4.00    0.00      0.00     0.00   0.00    0.00     0.00    2.00    1.50    4.85  96.20
sda           2013.00 245632.00     0.00   0.00    1.28   122.02   51.00    544.00    68.00  57.14    0.39    10.67    0.00      0.00     0.00   0.00    0.00     0.00   34.00    0.06    2.60  79.00


avg-cpu:  %user   %nice %system %iowait  %steal   %idle
           6.15    0.00   20.51   72.82    0.00    0.51

Device            r/s     rkB/s   rrqm/s  %rrqm r_await rareq-sz     w/s     wkB/s   wrqm/s  %wrqm w_await wareq-sz     d/s     dkB/s   drqm/s  %drqm d_await dareq-sz     f/s f_await  aqu-sz  %util
dm-0             0.00      0.00     0.00   0.00    0.00     0.00    0.00      0.00     0.00   0.00    0.00     0.00    0.00      0.00     0.00   0.00    0.00     0.00    0.00    0.00    0.00   0.00
loop0         1949.00 245440.00     0.00   0.00    2.42   125.93    0.00      0.00     0.00   0.00    0.00     0.00    0.00      0.00     0.00   0.00    0.00     0.00    0.00    0.00    4.72  97.10
sda           2034.00 245916.00     0.00   0.00    1.18   120.90   45.00    464.00    56.00  55.45    0.36    10.31    0.00      0.00     0.00   0.00    0.00     0.00   30.00    0.03    2.41  78.20


avg-cpu:  %user   %nice %system %iowait  %steal   %idle
           5.79    0.00   18.95   73.68    0.00    1.58

Device            r/s     rkB/s   rrqm/s  %rrqm r_await rareq-sz     w/s     wkB/s   wrqm/s  %wrqm w_await wareq-sz     d/s     dkB/s   drqm/s  %drqm d_await dareq-sz     f/s f_await  aqu-sz  %util
dm-0             0.00      0.00     0.00   0.00    0.00     0.00    0.00      0.00     0.00   0.00    0.00     0.00    0.00      0.00     0.00   0.00    0.00     0.00    0.00    0.00    0.00   0.00
loop0         1939.00 245176.00     0.00   0.00    2.26   126.44    0.00      0.00     0.00   0.00    0.00     0.00    0.00      0.00     0.00   0.00    0.00     0.00    0.00    0.00    4.38  96.00
sda           1992.00 245708.00     0.00   0.00    1.27   123.35   63.00    596.00    68.00  51.91    0.44     9.46    0.00      0.00     0.00   0.00    0.00     0.00   36.00    0.06    2.55  79.00


avg-cpu:  %user   %nice %system %iowait  %steal   %idle
           4.10    0.00   20.51   73.33    0.00    2.05

Device            r/s     rkB/s   rrqm/s  %rrqm r_await rareq-sz     w/s     wkB/s   wrqm/s  %wrqm w_await wareq-sz     d/s     dkB/s   drqm/s  %drqm d_await dareq-sz     f/s f_await  aqu-sz  %util
dm-0             0.00      0.00     0.00   0.00    0.00     0.00    0.00      0.00     0.00   0.00    0.00     0.00    0.00      0.00     0.00   0.00    0.00     0.00    0.00    0.00    0.00   0.00
loop0         1907.92 243029.70     0.00   0.00    0.96   127.38    2.97     43.56     0.99  25.00    0.67    14.67    0.00      0.00     0.00   0.00    0.00     0.00    0.00    0.00    1.84  95.54
sda           1942.57 243675.25     0.00   0.00    0.87   125.44   44.55    455.45    54.46  55.00    0.36    10.22    0.00      0.00     0.00   0.00    0.00     0.00   29.70    0.07    1.71  75.74


avg-cpu:  %user   %nice %system %iowait  %steal   %idle
           5.10    0.00   22.96   68.88    0.00    3.06

Device            r/s     rkB/s   rrqm/s  %rrqm r_await rareq-sz     w/s     wkB/s   wrqm/s  %wrqm w_await wareq-sz     d/s     dkB/s   drqm/s  %drqm d_await dareq-sz     f/s f_await  aqu-sz  %util
dm-0             0.00      0.00     0.00   0.00    0.00     0.00    0.00      0.00     0.00   0.00    0.00     0.00    0.00      0.00     0.00   0.00    0.00     0.00    0.00    0.00    0.00   0.00
loop0         1916.00 243740.00     0.00   0.00    1.48   127.21    0.00      0.00     0.00   0.00    0.00     0.00    0.00      0.00     0.00   0.00    0.00     0.00    0.00    0.00    2.83  94.00
sda           1966.00 245212.00     0.00   0.00    1.00   124.73   45.00    448.00    52.00  53.61    0.36     9.96    0.00      0.00     0.00   0.00    0.00     0.00   30.00    0.03    1.98  71.60


avg-cpu:  %user   %nice %system %iowait  %steal   %idle
           5.15    0.00   21.65   72.16    0.00    1.03

Device            r/s     rkB/s   rrqm/s  %rrqm r_await rareq-sz     w/s     wkB/s   wrqm/s  %wrqm w_await wareq-sz     d/s     dkB/s   drqm/s  %drqm d_await dareq-sz     f/s f_await  aqu-sz  %util
dm-0             0.00      0.00     0.00   0.00    0.00     0.00    0.00      0.00     0.00   0.00    0.00     0.00    0.00      0.00     0.00   0.00    0.00     0.00    0.00    0.00    0.00   0.00
loop0         1944.00 245056.00     0.00   0.00    2.58   126.06    2.00     32.00     6.00  75.00    1.50    16.00    0.00      0.00     0.00   0.00    0.00     0.00    2.00    1.50    5.02  97.00
sda           2034.00 245880.00     0.00   0.00    1.28   120.88   54.00    616.00    71.00  56.80    0.39    11.41    0.00      0.00     0.00   0.00    0.00     0.00   34.00    0.06    2.62  77.90


avg-cpu:  %user   %nice %system %iowait  %steal   %idle
           5.15    0.00   21.13   72.16    0.00    1.55

Device            r/s     rkB/s   rrqm/s  %rrqm r_await rareq-sz     w/s     wkB/s   wrqm/s  %wrqm w_await wareq-sz     d/s     dkB/s   drqm/s  %drqm d_await dareq-sz     f/s f_await  aqu-sz  %util
dm-0             0.00      0.00     0.00   0.00    0.00     0.00    0.00      0.00     0.00   0.00    0.00     0.00    0.00      0.00     0.00   0.00    0.00     0.00    0.00    0.00    0.00   0.00
loop0         1930.00 244600.00     0.00   0.00    2.38   126.74    0.00      0.00     0.00   0.00    0.00     0.00    0.00      0.00     0.00   0.00    0.00     0.00    0.00    0.00    4.60  96.50
sda           2001.00 245772.00     0.00   0.00    1.20   122.82   44.00    444.00    53.00  54.64    0.34    10.09    0.00      0.00     0.00   0.00    0.00     0.00   29.00    0.03    2.42  77.40


avg-cpu:  %user   %nice %system %iowait  %steal   %idle
           5.15    0.00   21.13   72.68    0.00    1.03

Device            r/s     rkB/s   rrqm/s  %rrqm r_await rareq-sz     w/s     wkB/s   wrqm/s  %wrqm w_await wareq-sz     d/s     dkB/s   drqm/s  %drqm d_await dareq-sz     f/s f_await  aqu-sz  %util
dm-0             0.00      0.00     0.00   0.00    0.00     0.00    0.00      0.00     0.00   0.00    0.00     0.00    0.00      0.00     0.00   0.00    0.00     0.00    0.00    0.00    0.00   0.00
loop0         1952.00 245056.00     0.00   0.00    2.56   125.54    0.00      0.00     0.00   0.00    0.00     0.00    0.00      0.00     0.00   0.00    0.00     0.00    0.00    0.00    5.00  96.70
sda           2064.00 245760.00     0.00   0.00    1.16   119.07   45.00    472.00    58.00  56.31    0.38    10.49    0.00      0.00     0.00   0.00    0.00     0.00   30.00    0.07    2.42  77.10


avg-cpu:  %user   %nice %system %iowait  %steal   %idle
           5.15    0.00   21.13   72.16    0.00    1.55

Device            r/s     rkB/s   rrqm/s  %rrqm r_await rareq-sz     w/s     wkB/s   wrqm/s  %wrqm w_await wareq-sz     d/s     dkB/s   drqm/s  %drqm d_await dareq-sz     f/s f_await  aqu-sz  %util
dm-0             0.00      0.00     0.00   0.00    0.00     0.00    0.00      0.00     0.00   0.00    0.00     0.00    0.00      0.00     0.00   0.00    0.00     0.00    0.00    0.00    0.00   0.00
loop0         1928.00 243320.00     0.00   0.00    2.42   126.20    0.00      0.00     0.00   0.00    0.00     0.00    0.00      0.00     0.00   0.00    0.00     0.00    0.00    0.00    4.66  96.90
sda           2016.00 244532.00     0.00   0.00    1.22   121.30   45.00    456.00    54.00  54.55    0.38    10.13    0.00      0.00     0.00   0.00    0.00     0.00   30.00    0.07    2.48  76.70


avg-cpu:  %user   %nice %system %iowait  %steal   %idle
          32.14    0.00   36.73   30.61    0.00    0.51

Device            r/s     rkB/s   rrqm/s  %rrqm r_await rareq-sz     w/s     wkB/s   wrqm/s  %wrqm w_await wareq-sz     d/s     dkB/s   drqm/s  %drqm d_await dareq-sz     f/s f_await  aqu-sz  %util
dm-0             0.00      0.00     0.00   0.00    0.00     0.00    0.00      0.00     0.00   0.00    0.00     0.00    0.00      0.00     0.00   0.00    0.00     0.00    0.00    0.00    0.00   0.00
loop0         1963.00 246208.00     0.00   0.00    2.51   125.42    0.00      0.00     0.00   0.00    0.00     0.00    0.00      0.00     0.00   0.00    0.00     0.00    0.00    0.00    4.93  96.50
sda           2075.00 247068.00     0.00   0.00    0.95   119.07   45.00    440.00    50.00  52.63    0.36     9.78    0.00      0.00     0.00   0.00    0.00     0.00   30.00    0.03    1.98  61.60


avg-cpu:  %user   %nice %system %iowait  %steal   %idle
          43.43    0.00   32.83   23.23    0.00    0.51

Device            r/s     rkB/s   rrqm/s  %rrqm r_await rareq-sz     w/s     wkB/s   wrqm/s  %wrqm w_await wareq-sz     d/s     dkB/s   drqm/s  %drqm d_await dareq-sz     f/s f_await  aqu-sz  %util
dm-0             0.00      0.00     0.00   0.00    0.00     0.00    0.00      0.00     0.00   0.00    0.00     0.00    0.00      0.00     0.00   0.00    0.00     0.00    0.00    0.00    0.00   0.00
loop0         1933.00 243024.00     0.00   0.00    2.39   125.72    2.00     16.00     2.00  50.00    1.50     8.00    0.00      0.00     0.00   0.00    0.00     0.00    2.00    1.50    4.63  96.10
sda           2032.00 244652.00     0.00   0.00    0.94   120.40   51.00    512.00    60.00  54.05    0.35    10.04    0.00      0.00     0.00   0.00    0.00     0.00   34.00    0.03    1.93  59.90


avg-cpu:  %user   %nice %system %iowait  %steal   %idle
           9.28    0.00   26.80   62.89    0.00    1.03

Device            r/s     rkB/s   rrqm/s  %rrqm r_await rareq-sz     w/s     wkB/s   wrqm/s  %wrqm w_await wareq-sz     d/s     dkB/s   drqm/s  %drqm d_await dareq-sz     f/s f_await  aqu-sz  %util
dm-0             0.00      0.00     0.00   0.00    0.00     0.00    0.00      0.00     0.00   0.00    0.00     0.00    0.00      0.00     0.00   0.00    0.00     0.00    0.00    0.00    0.00   0.00
loop0         1955.00 246464.00     0.00   0.00    2.53   126.07    0.00      0.00     0.00   0.00    0.00     0.00    0.00      0.00     0.00   0.00    0.00     0.00    0.00    0.00    4.95  97.10
sda           2024.00 247016.00     0.00   0.00    1.28   122.04   45.00    456.00    54.00  54.55    0.36    10.13    0.00      0.00     0.00   0.00    0.00     0.00   30.00    0.07    2.61  75.40


avg-cpu:  %user   %nice %system %iowait  %steal   %idle
           6.03    0.00   21.11   71.36    0.00    1.51

Device            r/s     rkB/s   rrqm/s  %rrqm r_await rareq-sz     w/s     wkB/s   wrqm/s  %wrqm w_await wareq-sz     d/s     dkB/s   drqm/s  %drqm d_await dareq-sz     f/s f_await  aqu-sz  %util
dm-0             0.00      0.00     0.00   0.00    0.00     0.00    0.00      0.00     0.00   0.00    0.00     0.00    0.00      0.00     0.00   0.00    0.00     0.00    0.00    0.00    0.00   0.00
loop0         1943.00 244344.00     0.00   0.00    2.43   125.76    0.00      0.00     0.00   0.00    0.00     0.00    0.00      0.00     0.00   0.00    0.00     0.00    0.00    0.00    4.71  96.80
sda           2041.00 245520.00     0.00   0.00    1.15   120.29   45.00    464.00    56.00  55.45    0.36    10.31    0.00      0.00     0.00   0.00    0.00     0.00   30.00    0.07    2.38  76.30


avg-cpu:  %user   %nice %system %iowait  %steal   %idle
           5.26    0.00   18.95   74.74    0.00    1.05

Device            r/s     rkB/s   rrqm/s  %rrqm r_await rareq-sz     w/s     wkB/s   wrqm/s  %wrqm w_await wareq-sz     d/s     dkB/s   drqm/s  %drqm d_await dareq-sz     f/s f_await  aqu-sz  %util
dm-0             0.00      0.00     0.00   0.00    0.00     0.00    0.00      0.00     0.00   0.00    0.00     0.00    0.00      0.00     0.00   0.00    0.00     0.00    0.00    0.00    0.00   0.00
loop0         1945.00 245568.00     0.00   0.00    2.54   126.26    5.00     16.00     0.00   0.00    2.20     3.20    0.00      0.00     0.00   0.00    0.00     0.00    1.00    0.00    4.95  96.90
sda           2015.00 245872.00     0.00   0.00    1.26   122.02   84.00    628.00    58.00  40.85    0.57     7.48    0.00      0.00     0.00   0.00    0.00     0.00   31.00    0.03    2.58  80.50


avg-cpu:  %user   %nice %system %iowait  %steal   %idle
           4.21    0.00   18.95   73.68    0.00    3.16

Device            r/s     rkB/s   rrqm/s  %rrqm r_await rareq-sz     w/s     wkB/s   wrqm/s  %wrqm w_await wareq-sz     d/s     dkB/s   drqm/s  %drqm d_await dareq-sz     f/s f_await  aqu-sz  %util
dm-0             0.00      0.00     0.00   0.00    0.00     0.00    0.00      0.00     0.00   0.00    0.00     0.00    0.00      0.00     0.00   0.00    0.00     0.00    0.00    0.00    0.00   0.00
loop0         1876.00 239340.00     0.00   0.00    1.09   127.58    0.00      0.00     0.00   0.00    0.00     0.00    0.00      0.00     0.00   0.00    0.00     0.00    0.00    0.00    2.05  94.70
sda           1899.00 239580.00     0.00   0.00    0.93   126.16   49.00    472.00    54.00  52.43    0.41     9.63    0.00      0.00     0.00   0.00    0.00     0.00   30.00    0.03    1.78  75.70


avg-cpu:  %user   %nice %system %iowait  %steal   %idle
          46.23    0.00    6.03    1.01    0.00   46.73

Device            r/s     rkB/s   rrqm/s  %rrqm r_await rareq-sz     w/s     wkB/s   wrqm/s  %wrqm w_await wareq-sz     d/s     dkB/s   drqm/s  %drqm d_await dareq-sz     f/s f_await  aqu-sz  %util
dm-0             0.00      0.00     0.00   0.00    0.00     0.00    0.00      0.00     0.00   0.00    0.00     0.00    0.00      0.00     0.00   0.00    0.00     0.00    0.00    0.00    0.00   0.00
loop0           17.00    252.00     0.00   0.00    0.41    14.82    0.00      0.00    88.00 100.00    0.00     0.00    0.00      0.00     0.00   0.00    0.00     0.00    0.00    0.00    0.01   0.50
sda             18.00    408.00     0.00   0.00    0.44    22.67   45.00    448.00    52.00  53.61    0.36     9.96    0.00      0.00     0.00   0.00    0.00     0.00   30.00    0.07    0.03   2.10


avg-cpu:  %user   %nice %system %iowait  %steal   %idle
          14.29    0.00    6.63   64.29    0.00   14.80

Device            r/s     rkB/s   rrqm/s  %rrqm r_await rareq-sz     w/s     wkB/s   wrqm/s  %wrqm w_await wareq-sz     d/s     dkB/s   drqm/s  %drqm d_await dareq-sz     f/s f_await  aqu-sz  %util
dm-0             0.00      0.00     0.00   0.00    0.00     0.00    0.00      0.00     0.00   0.00    0.00     0.00    0.00      0.00     0.00   0.00    0.00     0.00    0.00    0.00    0.00   0.00
loop0          475.00  46336.00     0.00   0.00    1.53    97.55    2.00    360.00     0.00   0.00    2.50   180.00    0.00      0.00     0.00   0.00    0.00     0.00    2.00    2.00    0.74  69.70
sda           1980.00  58428.00     0.00   0.00    0.46    29.51   52.00    856.00    60.00  53.57    0.40    16.46    0.00      0.00     0.00   0.00    0.00     0.00   34.00    0.03    0.93  63.00


avg-cpu:  %user   %nice %system %iowait  %steal   %idle
           3.08    0.00   13.85   73.33    0.00    9.74

Device            r/s     rkB/s   rrqm/s  %rrqm r_await rareq-sz     w/s     wkB/s   wrqm/s  %wrqm w_await wareq-sz     d/s     dkB/s   drqm/s  %drqm d_await dareq-sz     f/s f_await  aqu-sz  %util
dm-0             0.00      0.00     0.00   0.00    0.00     0.00    0.00      0.00     0.00   0.00    0.00     0.00    0.00      0.00     0.00   0.00    0.00     0.00    0.00    0.00    0.00   0.00
loop0          566.00  57212.00     0.00   0.00    1.45   101.08    0.00      0.00     0.00   0.00    0.00     0.00    0.00      0.00     0.00   0.00    0.00     0.00    0.00    0.00    0.82  79.80
sda           2325.00  77776.00     0.00   0.00    0.45    33.45   45.00    448.00    52.00  53.61    0.42     9.96    0.00      0.00     0.00   0.00    0.00     0.00   30.00    0.10    1.06  72.90


avg-cpu:  %user   %nice %system %iowait  %steal   %idle
           0.51    0.00   51.52    3.54    0.00   44.44

Device            r/s     rkB/s   rrqm/s  %rrqm r_await rareq-sz     w/s     wkB/s   wrqm/s  %wrqm w_await wareq-sz     d/s     dkB/s   drqm/s  %drqm d_await dareq-sz     f/s f_await  aqu-sz  %util
dm-0             0.00      0.00     0.00   0.00    0.00     0.00    0.00      0.00     0.00   0.00    0.00     0.00    0.00      0.00     0.00   0.00    0.00     0.00    0.00    0.00    0.00   0.00
loop0            0.00      0.00     0.00   0.00    0.00     0.00    0.00      0.00     0.00   0.00    0.00     0.00    0.00      0.00     0.00   0.00    0.00     0.00    0.00    0.00    0.00   0.00
sda              0.00      0.00     0.00   0.00    0.00     0.00    2.00     48.00     8.00  80.00    0.50    24.00    0.00      0.00     0.00   0.00    0.00     0.00    1.00    0.00    0.00   0.10


avg-cpu:  %user   %nice %system %iowait  %steal   %idle
           0.50    0.00   10.05    3.52    0.00   85.93

Device            r/s     rkB/s   rrqm/s  %rrqm r_await rareq-sz     w/s     wkB/s   wrqm/s  %wrqm w_await wareq-sz     d/s     dkB/s   drqm/s  %drqm d_await dareq-sz     f/s f_await  aqu-sz  %util
dm-0             0.00      0.00     0.00   0.00    0.00     0.00    0.00      0.00     0.00   0.00    0.00     0.00    0.00      0.00     0.00   0.00    0.00     0.00    0.00    0.00    0.00   0.00
loop0            0.00      0.00     0.00   0.00    0.00     0.00    0.00      0.00     0.00   0.00    0.00     0.00    0.00      0.00     0.00   0.00    0.00     0.00    0.00    0.00    0.00   0.00
sda              0.00      0.00     0.00   0.00    0.00     0.00   88.00    840.00    94.00  51.65    1.58     9.55    0.00      0.00     0.00   0.00    0.00     0.00   59.00    0.05    0.14  13.90


avg-cpu:  %user   %nice %system %iowait  %steal   %idle
           1.00    0.00    1.00    1.00    0.00   97.01

Device            r/s     rkB/s   rrqm/s  %rrqm r_await rareq-sz     w/s     wkB/s   wrqm/s  %wrqm w_await wareq-sz     d/s     dkB/s   drqm/s  %drqm d_await dareq-sz     f/s f_await  aqu-sz  %util
dm-0             0.00      0.00     0.00   0.00    0.00     0.00    0.00      0.00     0.00   0.00    0.00     0.00    0.00      0.00     0.00   0.00    0.00     0.00    0.00    0.00    0.00   0.00
loop0            0.00      0.00     0.00   0.00    0.00     0.00    2.00     16.00     2.00  50.00    0.00     8.00    0.00      0.00     0.00   0.00    0.00     0.00    0.00    0.00    0.00   0.00
sda              0.00      0.00     0.00   0.00    0.00     0.00   45.00    452.00    53.00  54.08    0.36    10.04    0.00      0.00     0.00   0.00    0.00     0.00   30.00    0.03    0.02   1.70


avg-cpu:  %user   %nice %system %iowait  %steal   %idle
          29.80    0.00   15.15    0.00    0.00   55.05

Device            r/s     rkB/s   rrqm/s  %rrqm r_await rareq-sz     w/s     wkB/s   wrqm/s  %wrqm w_await wareq-sz     d/s     dkB/s   drqm/s  %drqm d_await dareq-sz     f/s f_await  aqu-sz  %util
dm-0             0.00      0.00     0.00   0.00    0.00     0.00    0.00      0.00     0.00   0.00    0.00     0.00    0.00      0.00     0.00   0.00    0.00     0.00    0.00    0.00    0.00   0.00
loop0            0.00      0.00     0.00   0.00    0.00     0.00    1.00      4.00     0.00   0.00    3.00     4.00    0.00      0.00     0.00   0.00    0.00     0.00    2.00    1.50    0.01   0.30
sda              0.00      0.00     0.00   0.00    0.00     0.00   52.00    512.00    59.00  53.15    0.37     9.85    0.00      0.00     0.00   0.00    0.00     0.00   34.00    0.03    0.02   1.70


avg-cpu:  %user   %nice %system %iowait  %steal   %idle
          25.13    0.00   14.57    1.01    0.00   59.30

Device            r/s     rkB/s   rrqm/s  %rrqm r_await rareq-sz     w/s     wkB/s   wrqm/s  %wrqm w_await wareq-sz     d/s     dkB/s   drqm/s  %drqm d_await dareq-sz     f/s f_await  aqu-sz  %util
dm-0             0.00      0.00     0.00   0.00    0.00     0.00    0.00      0.00     0.00   0.00    0.00     0.00    0.00      0.00     0.00   0.00    0.00     0.00    0.00    0.00    0.00   0.00
loop0            0.00      0.00     0.00   0.00    0.00     0.00    0.00      0.00     0.00   0.00    0.00     0.00    0.00      0.00     0.00   0.00    0.00     0.00    0.00    0.00    0.00   0.00
sda              0.00      0.00     0.00   0.00    0.00     0.00   45.00    456.00    54.00  54.55    0.38    10.13    0.00      0.00     0.00   0.00    0.00     0.00   30.00    0.07    0.02   1.30


avg-cpu:  %user   %nice %system %iowait  %steal   %idle
           0.50    0.00    1.01    0.50    0.00   97.99

Device            r/s     rkB/s   rrqm/s  %rrqm r_await rareq-sz     w/s     wkB/s   wrqm/s  %wrqm w_await wareq-sz     d/s     dkB/s   drqm/s  %drqm d_await dareq-sz     f/s f_await  aqu-sz  %util
dm-0             0.00      0.00     0.00   0.00    0.00     0.00    0.00      0.00     0.00   0.00    0.00     0.00    0.00      0.00     0.00   0.00    0.00     0.00    0.00    0.00    0.00   0.00
loop0            0.00      0.00     0.00   0.00    0.00     0.00    0.00      0.00     0.00   0.00    0.00     0.00    0.00      0.00     0.00   0.00    0.00     0.00    0.00    0.00    0.00   0.00
sda              0.00      0.00     0.00   0.00    0.00     0.00   45.00    448.00    52.00  53.61    0.33     9.96    0.00      0.00     0.00   0.00    0.00     0.00   30.00    0.03    0.02   1.40

